unit_id,cycle,vibration_x,vibration_y,temperature_bearing,pressure_inlet,rpm_shaft,rul
1,1,2.057,1.781,66.28,5.039,3584.4,199
1,2,2.145,1.807,66.47,5.062,3589.7,198
1,3,2.075,1.79,65.95,5.057,3587.6,197
1,4,2.102,1.748,67.05,5.036,3586.1,196
1,5,2.095,1.797,66.62,5.048,3589.5,195
1,6,2.195,1.759,66.18,5.023,3590.3,194
1,7,2.155,1.771,66.01,5.023,3590.4,193
1,8,2.139,1.797,66.1,5.044,3588.3,192
1,9,2.118,1.81,66.55,5.053,3588.1,191
1,10,2.121,1.801,65.71,5.033,3585.9,190
1,11,2.084,1.765,67.18,5.022,3591.7,189
1,12,2.042,1.762,66.52,5.051,3590.7,188
1,13,2.141,1.762,66.2,5.057,3587.1,187
1,14,2.059,1.73,65.97,5.049,3588.4,186
1,15,2.137,1.758,66.51,5.052,3586.6,185
1,16,2.128,1.749,66.25,5.032,3583.0,184
1,17,2.129,1.757,66.44,5.049,3589.6,183
1,18,2.136,1.772,66.22,5.038,3581.1,182
1,19,2.052,1.723,65.94,5.047,3584.2,181
1,20,2.094,1.828,66.26,5.054,3584.1,180
1,21,2.101,1.738,66.26,5.056,3580.9,179
1,22,2.127,1.785,66.14,5.011,3588.1,178
1,23,2.088,1.785,66.45,5.072,3586.9,177
1,24,2.069,1.783,66.54,5.067,3591.2,176
1,25,2.124,1.834,65.84,5.027,3584.1,175
1,26,2.094,1.72,66.75,5.035,3581.9,174
1,27,2.069,1.788,66.85,5.079,3599.5,173
1,28,2.126,1.736,65.37,5.045,3584.6,172
1,29,2.093,1.751,66.36,5.061,3588.5,171
1,30,2.103,1.734,65.6,5.03,3587.6,170
1,31,2.18,1.781,66.93,5.029,3583.1,169
1,32,2.071,1.747,67.5,5.023,3591.2,168
1,33,2.073,1.813,66.63,5.036,3587.7,167
1,34,2.083,1.793,66.21,5.015,3582.7,166
1,35,2.116,1.839,66.51,5.037,3589.0,165
1,36,2.162,1.784,66.23,5.062,3589.5,164
1,37,2.171,1.783,65.82,5.012,3594.4,163
1,38,2.179,1.768,66.24,5.069,3583.4,162
1,39,2.074,1.801,66.24,5.039,3587.2,161
1,40,2.123,1.832,66.48,5.052,3579.6,160
1,41,2.108,1.742,65.82,5.022,3586.5,159
1,42,2.146,1.722,66.45,5.03,3586.5,158
1,43,2.15,1.797,67.1,5.036,3585.0,157
1,44,2.101,1.785,66.52,5.018,3588.2,156
1,45,2.119,1.876,67.37,5.022,3586.7,155
1,46,2.051,1.752,66.59,5.064,3584.9,154
1,47,2.083,1.69,66.35,5.018,3585.7,153
1,48,2.075,1.772,65.56,5.01,3596.3,152
1,49,2.058,1.732,67.35,5.098,3583.1,151
1,50,2.095,1.789,67.3,5.02,3586.8,150
1,51,2.141,1.793,66.25,5.037,3582.3,149
1,52,2.1,1.765,66.55,5.028,3589.7,148
1,53,2.15,1.782,66.61,5.041,3587.8,147
1,54,2.081,1.788,66.39,5.081,3594.1,146
1,55,2.125,1.745,65.88,5.063,3588.9,145
1,56,2.129,1.706,66.9,5.049,3583.4,144
1,57,2.091,1.786,66.46,5.034,3587.4,143
1,58,2.1,1.782,67.17,4.988,3586.9,142
1,59,2.117,1.787,66.25,5.004,3589.1,141
1,60,2.179,1.714,66.87,5.033,3587.6,140
1,61,2.067,1.762,67.08,5.051,3594.8,139
1,62,2.157,1.793,67.31,5.048,3591.1,138
1,63,2.098,1.778,66.09,5.059,3583.1,137
1,64,2.141,1.768,67.02,5.054,3595.1,136
1,65,2.139,1.713,66.4,5.016,3585.8,135
1,66,2.17,1.801,66.08,5.019,3588.0,134
1,67,2.061,1.749,66.59,5.063,3590.3,133
1,68,2.018,1.788,66.47,5.048,3594.3,132
1,69,2.027,1.752,66.73,5.008,3593.7,131
1,70,2.124,1.809,66.15,5.056,3592.1,130
1,71,2.119,1.785,66.57,5.022,3587.2,129
1,72,2.103,1.791,66.93,5.018,3587.3,128
1,73,2.169,1.746,66.02,5.044,3591.2,127
1,74,2.11,1.829,66.86,5.056,3590.0,126
1,75,2.203,1.767,65.43,5.072,3586.0,125
1,76,2.114,1.828,65.63,5.014,3581.4,124
1,77,2.078,1.793,66.7,5.045,3582.2,123
1,78,2.017,1.778,66.2,5.049,3590.6,122
1,79,2.115,1.806,66.55,5.05,3585.0,121
1,80,2.102,1.783,66.84,5.032,3589.9,120
1,81,2.099,1.771,66.85,5.0,3582.6,119
1,82,2.05,1.682,66.1,5.054,3586.7,118
1,83,2.117,1.819,67.1,5.038,3593.2,117
1,84,2.113,1.742,66.14,5.01,3584.3,116
1,85,2.095,1.808,67.29,5.012,3589.4,115
1,86,2.068,1.795,66.37,5.003,3591.5,114
1,87,2.085,1.754,65.9,5.026,3589.5,113
1,88,2.102,1.789,66.62,5.066,3586.5,112
1,89,2.051,1.818,66.27,5.062,3589.4,111
1,90,2.104,1.79,67.41,5.081,3588.1,110
1,91,2.116,1.819,66.01,5.046,3587.7,109
1,92,2.122,1.742,65.64,4.998,3583.4,108
1,93,2.091,1.764,67.4,5.062,3584.0,107
1,94,2.123,1.759,66.29,5.043,3590.3,106
1,95,2.096,1.818,65.86,5.04,3598.2,105
1,96,2.119,1.833,66.48,5.051,3587.6,104
1,97,2.103,1.744,66.65,5.022,3590.5,103
1,98,2.153,1.79,66.29,5.049,3586.6,102
1,99,2.147,1.702,66.27,5.0,3581.8,101
1,100,2.164,1.811,66.07,5.009,3576.0,100
1,101,2.088,1.873,66.65,5.028,3589.7,99
1,102,2.05,1.766,66.49,5.037,3591.0,98
1,103,2.129,1.807,66.11,5.056,3594.3,97
1,104,2.08,1.748,67.14,5.034,3593.3,96
1,105,2.107,1.846,66.56,5.042,3593.9,95
1,106,2.117,1.756,66.3,5.044,3581.3,94
1,107,2.164,1.779,67.13,4.986,3584.3,93
1,108,2.081,1.775,66.72,5.028,3586.3,92
1,109,2.152,1.824,66.13,5.044,3589.8,91
1,110,2.185,1.848,66.83,5.068,3586.7,90
1,111,2.17,1.806,66.22,5.0,3583.3,89
1,112,2.193,1.861,66.82,5.007,3590.3,88
1,113,2.241,1.854,66.53,5.03,3587.2,87
1,114,2.169,1.871,67.06,4.998,3587.0,86
1,115,2.186,1.941,67.62,5.007,3587.5,85
1,116,2.167,1.857,66.93,4.987,3588.6,84
1,117,2.363,1.873,66.74,5.01,3592.0,83
1,118,2.255,1.948,68.16,4.968,3580.1,82
1,119,2.309,1.935,67.74,5.001,3577.8,81
1,120,2.37,1.952,68.07,4.979,3582.1,80
1,121,2.396,2.027,67.76,4.953,3586.4,79
1,122,2.359,2.027,66.93,4.99,3580.7,78
1,123,2.376,2.069,67.88,4.964,3589.4,77
1,124,2.438,2.065,68.01,4.958,3585.1,76
1,125,2.463,2.072,68.68,4.944,3573.2,75
1,126,2.58,2.216,67.92,4.92,3581.2,74
1,127,2.536,2.132,67.7,4.964,3584.1,73
1,128,2.52,2.196,69.42,4.949,3580.2,72
1,129,2.609,2.221,67.67,4.942,3579.5,71
1,130,2.723,2.219,69.52,4.909,3583.0,70
1,131,2.699,2.221,68.93,4.948,3578.8,69
1,132,2.656,2.287,68.54,4.91,3579.3,68
1,133,2.695,2.255,69.4,4.898,3568.9,67
1,134,2.835,2.364,68.97,4.874,3581.9,66
1,135,2.859,2.483,69.71,4.9,3577.4,65
1,136,2.92,2.449,70.3,4.874,3575.7,64
1,137,2.912,2.492,70.61,4.866,3575.2,63
1,138,2.989,2.488,70.52,4.821,3573.0,62
1,139,2.991,2.443,69.76,4.839,3574.9,61
1,140,3.114,2.566,69.92,4.846,3579.2,60
1,141,3.079,2.58,70.92,4.833,3577.0,59
1,142,3.167,2.686,70.33,4.828,3572.9,58
1,143,3.17,2.638,71.4,4.811,3568.9,57
1,144,3.267,2.789,70.13,4.777,3568.6,56
1,145,3.383,2.799,71.88,4.774,3567.1,55
1,146,3.397,2.836,72.0,4.782,3572.0,54
1,147,3.441,2.911,72.36,4.742,3561.2,53
1,148,3.532,2.975,71.68,4.726,3569.8,52
1,149,3.587,3.048,72.7,4.744,3565.0,51
1,150,3.61,3.014,72.18,4.78,3575.0,50
1,151,3.716,3.039,73.36,4.74,3568.8,49
1,152,3.782,3.153,73.56,4.728,3567.6,48
1,153,3.724,3.183,73.18,4.677,3572.1,47
1,154,3.928,3.288,73.85,4.717,3564.5,46
1,155,3.933,3.244,74.2,4.678,3558.4,45
1,156,3.989,3.34,75.17,4.681,3562.8,44
1,157,4.069,3.402,74.46,4.628,3561.2,43
1,158,4.098,3.408,75.1,4.644,3553.8,42
1,159,4.193,3.556,75.67,4.642,3560.1,41
1,160,4.236,3.532,75.61,4.615,3564.2,40
1,161,4.386,3.631,75.11,4.587,3558.9,39
1,162,4.408,3.674,76.17,4.568,3554.6,38
1,163,4.503,3.744,76.48,4.569,3551.5,37
1,164,4.548,3.881,76.09,4.506,3547.6,36
1,165,4.646,3.889,76.94,4.557,3543.3,35
1,166,4.739,4.016,76.76,4.509,3550.0,34
1,167,4.767,4.007,78.37,4.538,3550.6,33
1,168,4.96,4.089,78.87,4.483,3551.4,32
1,169,4.981,4.283,78.76,4.454,3553.6,31
1,170,5.035,4.206,79.14,4.452,3549.7,30
1,171,5.135,4.31,79.25,4.396,3550.2,29
1,172,5.181,4.31,79.37,4.419,3543.6,28
1,173,5.34,4.386,79.55,4.388,3545.0,27
1,174,5.406,4.473,80.49,4.384,3536.4,26
1,175,5.406,4.588,80.39,4.362,3542.7,25
1,176,5.584,4.701,80.32,4.323,3537.2,24
1,177,5.679,4.79,81.04,4.278,3533.6,23
1,178,5.727,4.795,81.44,4.31,3537.9,22
1,179,5.896,4.869,81.61,4.3,3531.8,21
1,180,5.965,4.98,82.36,4.303,3534.1,20
1,181,6.129,5.047,82.2,4.254,3531.0,19
1,182,6.114,5.153,83.52,4.22,3538.0,18
1,183,6.289,5.278,83.92,4.24,3525.2,17
1,184,6.33,5.269,84.13,4.181,3530.7,16
1,185,6.52,5.381,84.7,4.168,3530.3,15
1,186,6.547,5.491,85.51,4.185,3529.9,14
1,187,6.675,5.514,85.31,4.15,3530.7,13
1,188,6.764,5.683,86.04,4.134,3527.0,12
1,189,6.848,5.749,84.77,4.097,3509.9,11
1,190,6.901,5.844,86.92,4.044,3520.2,10
1,191,7.133,5.897,88.26,4.046,3523.2,9
1,192,7.253,6.013,87.09,4.022,3520.0,8
1,193,7.244,6.09,87.69,4.02,3518.8,7
1,194,7.4,6.189,88.64,3.991,3513.1,6
1,195,7.483,6.332,88.79,3.928,3517.4,5
1,196,7.658,6.322,89.59,3.948,3515.6,4
1,197,7.78,6.424,90.12,3.904,3510.6,3
1,198,7.907,6.637,91.34,3.913,3510.6,2
1,199,8.004,6.707,91.0,3.866,3512.7,1
1,200,8.107,6.746,91.23,3.852,3507.8,0
2,1,1.787,1.925,65.37,4.999,3581.4,199
2,2,1.796,1.869,65.49,5.026,3588.1,198
2,3,1.85,1.88,65.83,5.045,3577.2,197
2,4,1.822,1.78,65.64,5.032,3589.8,196
2,5,1.884,1.875,65.37,5.042,3583.5,195
2,6,1.837,1.906,65.34,5.049,3588.3,194
2,7,1.798,1.906,65.97,5.035,3582.5,193
2,8,1.802,1.845,65.89,5.013,3587.3,192
2,9,1.787,1.859,65.68,5.081,3580.1,191
2,10,1.896,1.873,65.83,5.035,3587.4,190
2,11,1.831,1.925,65.39,5.055,3583.0,189
2,12,1.834,1.824,65.85,5.061,3585.3,188
2,13,1.829,1.822,65.51,5.001,3581.9,187
2,14,1.846,1.92,67.03,5.021,3591.3,186
2,15,1.846,1.861,65.84,5.034,3586.0,185
2,16,1.82,1.811,64.85,5.046,3584.5,184
2,17,1.813,1.867,66.02,5.036,3583.0,183
2,18,1.886,1.93,65.87,5.052,3590.6,182
2,19,1.882,1.892,65.92,5.043,3581.2,181
2,20,1.865,1.813,65.22,5.059,3589.0,180
2,21,1.896,1.856,65.05,5.028,3586.0,179
2,22,1.84,1.912,65.44,5.04,3581.6,178
2,23,1.855,1.867,65.25,5.028,3584.9,177
2,24,1.826,1.938,65.57,5.028,3577.2,176
2,25,1.801,1.856,65.28,5.06,3584.9,175
2,26,1.888,1.869,65.64,5.031,3585.6,174
2,27,1.905,1.774,64.62,5.022,3585.7,173
2,28,1.864,1.886,65.43,5.053,3589.7,172
2,29,1.844,1.906,65.76,5.021,3588.4,171
2,30,1.841,1.867,66.36,4.984,3579.9,170
2,31,1.789,1.852,65.49,5.002,3581.7,169
2,32,1.802,1.965,66.52,5.024,3584.1,168
2,33,1.791,1.791,65.56,5.013,3585.3,167
2,34,1.773,1.837,65.7,5.04,3587.3,166
2,35,1.784,1.901,65.22,5.045,3585.6,165
2,36,1.782,1.854,65.8,5.045,3585.0,164
2,37,1.898,1.907,65.49,5.048,3593.3,163
2,38,1.915,1.818,65.16,5.062,3581.4,162
2,39,1.784,1.848,65.83,5.031,3583.0,161
2,40,1.81,1.839,65.18,5.078,3586.8,160
2,41,1.872,1.847,65.53,5.018,3575.0,159
2,42,1.782,1.795,64.5,5.009,3590.9,158
2,43,1.835,1.919,65.83,5.048,3582.0,157
2,44,1.858,1.896,65.33,5.044,3587.9,156
2,45,1.815,1.822,65.03,5.034,3586.9,155
2,46,1.805,1.868,65.91,5.045,3591.8,154
2,47,1.888,1.827,66.46,5.022,3589.8,153
2,48,1.839,1.851,64.72,5.029,3579.4,152
2,49,1.875,1.928,65.22,5.039,3582.7,151
2,50,1.812,1.898,65.6,5.067,3583.7,150
2,51,1.877,1.871,66.02,5.024,3585.4,149
2,52,1.832,1.834,65.95,5.046,3588.0,148
2,53,1.898,1.925,65.43,5.04,3583.1,147
2,54,1.838,1.843,66.43,5.04,3584.7,146
2,55,1.884,1.78,64.62,5.048,3585.8,145
2,56,1.847,1.814,65.61,5.073,3588.9,144
2,57,1.843,1.849,65.42,4.99,3586.6,143
2,58,1.871,1.804,65.29,5.009,3581.7,142
2,59,1.839,1.784,65.93,5.048,3584.6,141
2,60,1.737,1.827,66.24,4.977,3584.2,140
2,61,1.789,1.899,65.28,5.041,3587.9,139
2,62,1.91,1.859,65.81,5.003,3590.4,138
2,63,1.806,1.845,65.61,5.001,3586.5,137
2,64,1.875,1.879,64.83,5.03,3588.6,136
2,65,1.762,1.824,66.06,5.038,3587.2,135
2,66,1.911,1.886,65.95,5.087,3584.7,134
2,67,1.805,1.884,65.84,5.022,3581.5,133
2,68,1.929,1.88,65.26,5.051,3585.2,132
2,69,1.827,1.889,64.98,5.04,3593.2,131
2,70,1.855,1.852,65.37,5.024,3584.6,130
2,71,1.822,1.904,64.76,5.05,3584.1,129
2,72,1.852,1.822,66.29,5.057,3589.4,128
2,73,1.776,1.9,65.82,5.0,3585.5,127
2,74,1.851,1.889,65.71,5.038,3591.5,126
2,75,1.886,1.752,65.46,5.029,3578.6,125
2,76,1.84,1.917,65.08,5.039,3581.9,124
2,77,1.81,1.926,65.35,5.042,3578.1,123
2,78,1.911,1.891,65.53,5.044,3580.0,122
2,79,1.884,1.854,65.52,5.023,3583.3,121
2,80,1.864,1.877,65.95,5.032,3587.6,120
2,81,1.82,1.956,64.84,5.058,3591.1,119
2,82,1.803,1.956,66.12,5.052,3585.7,118
2,83,1.828,1.859,65.82,5.061,3586.3,117
2,84,1.8,1.9,66.08,5.046,3588.6,116
2,85,1.826,1.83,65.19,5.0,3586.5,115
2,86,1.833,1.849,64.14,5.008,3590.1,114
2,87,1.81,1.881,64.93,5.061,3585.0,113
2,88,1.848,1.96,66.38,5.026,3583.2,112
2,89,1.824,1.887,65.57,5.025,3591.5,111
2,90,1.832,1.959,65.67,5.068,3587.0,110
2,91,1.875,1.838,65.2,5.042,3589.5,109
2,92,1.838,1.816,64.94,5.004,3578.5,108
2,93,1.841,1.912,65.62,4.987,3584.8,107
2,94,1.83,1.951,64.89,5.025,3592.4,106
2,95,1.855,1.89,65.68,5.039,3588.7,105
2,96,1.804,1.902,64.94,5.039,3586.3,104
2,97,1.812,1.866,65.31,5.011,3584.2,103
2,98,1.793,1.88,65.05,5.047,3580.9,102
2,99,1.814,1.842,66.28,5.039,3584.7,101
2,100,1.857,1.783,65.6,5.073,3586.1,100
2,101,1.84,1.889,66.07,4.993,3578.9,99
2,102,1.848,1.84,66.29,5.026,3577.8,98
2,103,1.791,1.762,65.53,5.028,3583.8,97
2,104,1.889,1.923,65.58,4.988,3587.9,96
2,105,1.874,1.892,66.18,5.006,3593.4,95
2,106,1.82,1.915,64.87,5.01,3591.4,94
2,107,1.856,1.925,65.86,5.025,3590.7,93
2,108,1.866,1.828,65.38,5.036,3586.7,92
2,109,1.823,1.879,65.53,5.016,3579.4,91
2,110,1.872,1.888,66.26,5.037,3584.2,90
2,111,1.894,1.933,65.52,4.995,3580.9,89
2,112,1.898,1.892,66.06,5.03,3578.1,88
2,113,1.939,1.943,66.22,5.012,3578.4,87
2,114,1.904,1.966,66.63,4.965,3585.4,86
2,115,2.019,1.973,66.46,4.992,3583.3,85
2,116,1.925,1.901,66.73,4.982,3581.7,84
2,117,1.955,1.955,66.26,4.983,3584.8,83
2,118,2.049,2.042,66.55,5.025,3578.7,82
2,119,2.051,2.093,67.16,4.961,3581.5,81
2,120,2.131,2.087,66.72,4.98,3580.9,80
2,121,2.113,2.077,66.7,4.981,3579.4,79
2,122,2.148,2.226,65.94,4.981,3578.7,78
2,123,2.177,2.133,67.33,4.993,3582.1,77
2,124,2.228,2.061,67.86,4.971,3585.3,76
2,125,2.163,2.146,67.26,4.957,3581.7,75
2,126,2.286,2.134,67.8,4.952,3579.4,74
2,127,2.215,2.252,66.24,4.958,3573.8,73
2,128,2.309,2.254,68.17,4.935,3576.5,72
2,129,2.321,2.338,67.99,4.924,3577.9,71
2,130,2.314,2.333,66.99,4.94,3578.9,70
2,131,2.509,2.303,67.97,4.953,3582.7,69
2,132,2.423,2.388,68.18,4.915,3574.6,68
2,133,2.487,2.348,68.41,4.911,3576.0,67
2,134,2.466,2.485,68.69,4.879,3575.2,66
2,135,2.512,2.438,68.42,4.91,3573.2,65
2,136,2.64,2.493,68.99,4.874,3578.7,64
2,137,2.637,2.489,68.35,4.858,3569.6,63
2,138,2.719,2.57,70.42,4.825,3574.9,62
2,139,2.704,2.608,69.5,4.804,3574.4,61
2,140,2.873,2.649,69.75,4.861,3572.1,60
2,141,2.822,2.616,70.15,4.829,3568.1,59
2,142,2.9,2.726,69.77,4.833,3566.1,58
2,143,2.988,2.736,69.91,4.849,3575.3,57
2,144,3.002,2.797,70.2,4.802,3570.3,56
2,145,3.048,2.878,70.58,4.761,3567.3,55
2,146,3.143,2.87,70.82,4.762,3569.1,54
2,147,3.147,3.031,71.4,4.741,3570.6,53
2,148,3.188,2.996,71.54,4.746,3570.7,52
2,149,3.246,3.043,71.3,4.733,3570.8,51
2,150,3.362,3.185,73.01,4.712,3565.9,50
2,151,3.35,3.136,71.81,4.699,3560.6,49
2,152,3.453,3.17,72.8,4.69,3575.2,48
2,153,3.504,3.274,72.0,4.73,3567.6,47
2,154,3.598,3.271,73.02,4.66,3568.1,46
2,155,3.684,3.383,71.97,4.65,3564.1,45
2,156,3.767,3.479,72.67,4.662,3564.6,44
2,157,3.72,3.491,73.88,4.637,3552.2,43
2,158,3.842,3.536,73.96,4.618,3556.9,42
2,159,3.924,3.625,74.17,4.607,3558.1,41
2,160,3.92,3.686,74.62,4.601,3560.6,40
2,161,3.991,3.649,75.06,4.586,3556.5,39
2,162,4.125,3.816,75.7,4.581,3553.8,38
2,163,4.134,3.882,76.16,4.569,3550.3,37
2,164,4.321,3.949,76.64,4.524,3551.9,36
2,165,4.402,3.982,75.63,4.534,3554.1,35
2,166,4.454,4.054,76.38,4.539,3547.1,34
2,167,4.507,4.112,77.28,4.464,3544.4,33
2,168,4.53,4.18,76.62,4.47,3551.2,32
2,169,4.668,4.257,77.37,4.475,3549.4,31
2,170,4.749,4.31,78.39,4.452,3540.8,30
2,171,4.888,4.344,78.93,4.448,3546.4,29
2,172,4.953,4.451,78.92,4.403,3545.1,28
2,173,5.069,4.509,78.64,4.369,3538.7,27
2,174,5.049,4.634,80.22,4.404,3535.3,26
2,175,5.241,4.736,79.46,4.36,3532.6,25
2,176,5.313,4.712,80.16,4.308,3541.6,24
2,177,5.435,4.8,79.88,4.278,3537.1,23
2,178,5.464,4.847,81.06,4.294,3532.6,22
2,179,5.559,5.03,81.53,4.281,3538.1,21
2,180,5.63,5.068,81.7,4.255,3536.1,20
2,181,5.742,5.168,82.3,4.187,3537.9,19
2,182,5.749,5.204,82.94,4.219,3525.9,18
2,183,5.926,5.353,81.88,4.228,3530.3,17
2,184,6.023,5.372,82.75,4.203,3532.1,16
2,185,6.103,5.463,83.25,4.191,3522.4,15
2,186,6.338,5.564,83.53,4.132,3523.2,14
2,187,6.327,5.655,83.93,4.081,3523.5,13
2,188,6.411,5.709,84.53,4.086,3531.6,12
2,189,6.592,5.837,84.54,4.069,3523.1,11
2,190,6.656,5.953,85.27,4.055,3518.4,10
2,191,6.812,5.982,86.19,4.034,3516.4,9
2,192,6.934,6.109,86.74,4.008,3521.1,8
2,193,7.017,6.179,87.3,4.029,3511.0,7
2,194,7.169,6.209,87.82,4.004,3516.9,6
2,195,7.259,6.357,88.2,3.945,3510.2,5
2,196,7.355,6.483,88.28,3.911,3506.4,4
2,197,7.498,6.593,89.26,3.923,3510.7,3
2,198,7.615,6.681,89.59,3.869,3517.6,2
2,199,7.699,6.741,90.34,3.861,3501.6,1
2,200,7.882,6.863,90.07,3.856,3508.1,0
3,1,2.056,1.998,64.89,4.913,3588.9,199
3,2,2.011,1.992,64.5,4.929,3586.3,198
3,3,1.939,1.932,65.18,4.874,3587.4,197
3,4,1.973,2.044,64.65,4.939,3585.0,196
3,5,1.996,2.021,64.67,4.946,3582.6,195
3,6,2.004,2.028,65.23,4.965,3583.5,194
3,7,1.937,1.951,65.23,4.936,3587.0,193
3,8,1.947,2.022,64.29,4.949,3598.0,192
3,9,2.007,2.015,64.65,4.89,3584.1,191
3,10,1.948,1.933,65.76,4.932,3588.1,190
3,11,1.98,1.984,65.38,4.926,3588.7,189
3,12,1.984,1.978,64.2,4.887,3585.5,188
3,13,1.994,1.94,64.88,4.927,3577.9,187
3,14,1.955,2.008,65.09,4.903,3587.2,186
3,15,2.033,2.022,64.85,4.917,3584.0,185
3,16,2.011,1.999,65.21,4.929,3589.8,184
3,17,1.996,2.023,65.33,4.91,3579.3,183
3,18,2.054,2.001,64.04,4.912,3589.6,182
3,19,1.981,1.971,65.6,4.905,3583.4,181
3,20,2.0,2.007,65.15,4.944,3587.3,180
3,21,2.011,1.981,64.93,4.928,3587.4,179
3,22,2.023,2.013,64.92,4.91,3586.8,178
3,23,1.991,1.999,66.0,4.916,3588.2,177
3,24,2.035,1.995,66.07,4.919,3587.8,176
3,25,1.96,1.977,65.02,4.943,3587.8,175
3,26,2.042,1.987,64.73,4.98,3588.1,174
3,27,1.963,1.963,64.43,4.945,3585.1,173
3,28,1.997,1.989,65.27,4.909,3582.2,172
3,29,2.001,2.015,65.07,4.91,3589.3,171
3,30,1.962,1.97,64.43,4.952,3589.1,170
3,31,2.016,2.041,66.31,4.892,3583.6,169
3,32,1.967,1.957,64.36,4.92,3581.7,168
3,33,2.005,1.993,65.14,4.936,3589.0,167
3,34,1.977,2.076,65.02,4.889,3582.5,166
3,35,1.922,1.992,64.84,4.917,3594.6,165
3,36,2.014,2.02,64.43,4.906,3586.7,164
3,37,1.999,1.917,64.81,4.926,3585.7,163
3,38,1.959,1.97,64.81,4.928,3589.0,162
3,39,2.035,1.979,64.67,4.935,3589.0,161
3,40,1.975,2.023,65.39,4.952,3593.7,160
3,41,1.957,1.992,64.91,4.924,3584.0,159
3,42,1.932,1.995,64.52,4.928,3583.4,158
3,43,1.948,2.001,64.97,4.938,3595.3,157
3,44,2.003,2.011,64.36,4.9,3592.9,156
3,45,1.955,1.949,64.88,4.924,3582.9,155
3,46,1.98,2.04,64.5,4.898,3590.3,154
3,47,2.012,1.966,64.11,4.911,3586.3,153
3,48,2.039,1.95,64.86,4.94,3577.0,152
3,49,2.033,1.944,65.07,4.931,3590.9,151
3,50,2.014,1.896,64.51,4.929,3585.8,150
3,51,2.011,2.023,65.2,4.922,3579.2,149
3,52,1.974,2.008,64.35,4.939,3590.2,148
3,53,1.997,1.869,64.26,4.964,3584.4,147
3,54,1.913,2.041,64.91,4.948,3587.7,146
3,55,2.01,2.006,65.25,4.972,3590.4,145
3,56,1.929,2.009,65.47,4.95,3584.8,144
3,57,2.039,2.028,66.19,4.911,3584.5,143
3,58,1.98,1.972,64.45,4.871,3584.8,142
3,59,2.007,1.971,65.87,4.926,3591.7,141
3,60,2.002,2.024,65.04,4.954,3586.8,140
3,61,2.012,2.006,64.76,4.934,3595.5,139
3,62,1.981,2.008,65.53,4.949,3586.6,138
3,63,1.897,2.012,63.79,4.956,3587.2,137
3,64,2.032,1.955,64.12,4.931,3586.4,136
3,65,1.972,1.995,66.28,4.943,3590.7,135
3,66,2.026,2.05,64.8,4.885,3585.8,134
3,67,2.024,1.952,64.81,4.912,3592.6,133
3,68,2.022,2.017,65.21,4.925,3587.3,132
3,69,1.945,1.904,64.97,4.933,3591.4,131
3,70,2.055,2.054,64.4,4.919,3588.5,130
3,71,2.093,2.05,65.46,4.918,3583.0,129
3,72,2.023,1.947,64.78,4.924,3592.9,128
3,73,1.978,1.894,65.15,4.912,3586.7,127
3,74,1.988,1.98,65.29,4.896,3584.5,126
3,75,2.019,1.967,64.1,4.94,3591.0,125
3,76,1.99,1.913,65.25,4.893,3587.8,124
3,77,1.956,1.945,64.68,4.923,3584.0,123
3,78,2.015,1.973,65.39,4.932,3583.8,122
3,79,1.957,1.925,65.04,4.919,3577.1,121
3,80,1.97,1.955,65.69,4.892,3580.8,120
3,81,2.036,2.045,64.53,4.914,3589.0,119
3,82,1.899,1.917,64.76,4.957,3584.8,118
3,83,1.996,2.037,65.95,4.915,3586.5,117
3,84,2.065,1.93,65.41,4.906,3587.0,116
3,85,1.982,1.953,64.41,4.932,3590.5,115
3,86,1.987,1.994,65.19,4.907,3589.5,114
3,87,2.025,2.095,64.71,4.917,3589.6,113
3,88,2.025,1.97,64.7,4.937,3583.2,112
3,89,1.975,1.995,65.4,4.914,3579.2,111
3,90,1.915,1.941,64.24,4.923,3581.8,110
3,91,1.964,1.96,64.68,4.953,3589.2,109
3,92,1.993,1.973,64.68,4.933,3588.9,108
3,93,1.956,1.993,63.88,4.93,3589.6,107
3,94,1.981,2.064,64.46,4.931,3586.4,106
3,95,1.988,1.987,64.95,4.943,3592.1,105
3,96,1.992,2.024,64.55,4.942,3583.5,104
3,97,2.036,2.08,64.84,4.882,3584.4,103
3,98,2.041,2.013,65.02,4.946,3588.5,102
3,99,2.041,2.028,65.66,4.933,3590.2,101
3,100,1.98,1.967,65.75,4.931,3589.8,100
3,101,1.997,1.968,64.91,4.955,3588.8,99
3,102,1.926,1.985,65.8,4.921,3579.3,98
3,103,2.073,2.023,64.89,4.918,3590.8,97
3,104,1.98,2.045,65.21,4.929,3587.0,96
3,105,2.0,2.046,64.53,4.891,3588.8,95
3,106,2.039,2.028,65.19,4.915,3589.4,94
3,107,2.019,1.996,64.87,4.961,3579.2,93
3,108,2.05,1.956,65.01,4.91,3577.7,92
3,109,2.056,2.017,64.05,4.933,3591.6,91
3,110,2.112,2.056,65.17,4.941,3592.5,90
3,111,2.11,2.014,65.3,4.92,3578.3,89
3,112,2.097,2.154,65.58,4.938,3586.1,88
3,113,2.09,2.091,64.91,4.887,3590.3,87
3,114,2.164,2.05,65.87,4.901,3586.3,86
3,115,2.145,2.143,65.5,4.927,3586.0,85
3,116,2.17,2.086,66.62,4.905,3587.4,84
3,117,2.101,2.103,66.24,4.897,3576.6,83
3,118,2.228,2.131,66.42,4.886,3584.8,82
3,119,2.256,2.136,65.31,4.879,3587.0,81
3,120,2.179,2.124,66.31,4.866,3581.8,80
3,121,2.182,2.185,66.0,4.892,3579.9,79
3,122,2.349,2.206,65.77,4.899,3583.5,78
3,123,2.287,2.25,66.9,4.892,3579.1,77
3,124,2.336,2.283,65.85,4.856,3582.0,76
3,125,2.413,2.352,66.3,4.847,3584.2,75
3,126,2.374,2.353,66.55,4.826,3577.3,74
3,127,2.487,2.349,67.54,4.828,3581.9,73
3,128,2.558,2.341,65.91,4.858,3577.0,72
3,129,2.496,2.388,67.14,4.806,3579.1,71
3,130,2.55,2.401,66.8,4.811,3573.6,70
3,131,2.552,2.476,67.1,4.805,3578.8,69
3,132,2.58,2.531,68.18,4.794,3580.3,68
3,133,2.636,2.55,68.4,4.806,3570.7,67
3,134,2.704,2.619,67.68,4.807,3574.5,66
3,135,2.667,2.609,67.08,4.774,3581.9,65
3,136,2.693,2.588,67.62,4.769,3574.7,64
3,137,2.869,2.714,68.57,4.765,3577.2,63
3,138,2.824,2.748,67.95,4.77,3579.7,62
3,139,2.913,2.745,68.9,4.686,3575.6,61
3,140,2.947,2.789,69.25,4.733,3569.2,60
3,141,2.995,2.834,69.16,4.728,3577.3,59
3,142,3.007,2.88,69.95,4.68,3573.2,58
3,143,3.078,2.901,69.07,4.701,3579.1,57
3,144,3.103,2.912,69.09,4.728,3569.2,56
3,145,3.206,2.988,69.49,4.678,3580.2,55
3,146,3.317,3.015,70.51,4.656,3562.5,54
3,147,3.358,3.142,70.95,4.652,3568.2,53
3,148,3.404,3.159,70.46,4.617,3568.6,52
3,149,3.476,3.144,71.22,4.645,3570.3,51
3,150,3.527,3.213,70.34,4.616,3570.1,50
3,151,3.531,3.264,70.49,4.649,3569.0,49
3,152,3.645,3.382,71.95,4.597,3564.3,48
3,153,3.66,3.501,72.2,4.58,3565.9,47
3,154,3.701,3.509,71.86,4.586,3567.5,46
3,155,3.822,3.507,72.47,4.562,3560.0,45
3,156,3.856,3.618,72.69,4.534,3559.4,44
3,157,3.985,3.643,73.3,4.531,3562.9,43
3,158,3.985,3.663,73.79,4.54,3555.7,42
3,159,4.046,3.736,74.47,4.47,3559.8,41
3,160,4.097,3.766,73.72,4.486,3555.6,40
3,161,4.225,3.83,73.47,4.495,3559.8,39
3,162,4.332,3.852,74.66,4.478,3551.7,38
3,163,4.374,3.971,75.74,4.488,3548.1,37
3,164,4.549,4.003,75.63,4.454,3549.8,36
3,165,4.547,4.099,75.74,4.424,3557.5,35
3,166,4.609,4.163,76.34,4.415,3554.6,34
3,167,4.659,4.194,75.84,4.375,3553.8,33
3,168,4.805,4.297,77.17,4.399,3550.5,32
3,169,4.816,4.435,76.77,4.357,3547.1,31
3,170,4.896,4.382,77.47,4.323,3559.6,30
3,171,4.973,4.461,77.76,4.352,3546.5,29
3,172,5.125,4.509,77.52,4.283,3537.5,28
3,173,5.194,4.566,77.56,4.276,3540.6,27
3,174,5.293,4.741,79.04,4.284,3547.3,26
3,175,5.367,4.816,79.22,4.254,3540.0,25
3,176,5.444,4.847,79.55,4.231,3537.7,24
3,177,5.523,4.907,80.21,4.216,3535.7,23
3,178,5.675,5.011,79.41,4.217,3535.7,22
3,179,5.72,5.113,81.07,4.178,3531.8,21
3,180,5.854,5.172,81.84,4.158,3526.4,20
3,181,5.943,5.35,82.09,4.175,3530.0,19
3,182,6.063,5.324,81.82,4.094,3530.2,18
3,183,6.098,5.472,82.52,4.105,3526.0,17
3,184,6.213,5.489,82.97,4.103,3534.3,16
3,185,6.297,5.494,82.08,4.088,3527.1,15
3,186,6.399,5.755,84.02,4.039,3526.2,14
3,187,6.528,5.785,84.62,4.026,3528.9,13
3,188,6.685,5.816,84.64,3.991,3514.5,12
3,189,6.659,5.911,84.97,3.978,3523.9,11
3,190,6.93,5.99,85.14,3.96,3518.8,10
3,191,6.962,6.068,86.31,3.919,3528.4,9
3,192,7.069,6.264,86.03,3.91,3516.5,8
3,193,7.186,6.328,86.13,3.886,3514.9,7
3,194,7.386,6.406,87.76,3.862,3516.9,6
3,195,7.354,6.486,87.57,3.875,3515.2,5
3,196,7.577,6.625,88.75,3.819,3522.4,4
3,197,7.618,6.665,87.82,3.844,3514.6,3
3,198,7.741,6.843,89.25,3.813,3503.5,2
3,199,7.862,6.873,88.42,3.771,3507.1,1
3,200,8.022,7.086,89.72,3.718,3507.0,0
4,1,1.845,1.633,65.57,5.017,3609.5,199
4,2,1.92,1.683,65.18,4.982,3609.2,198
4,3,1.937,1.678,65.1,4.985,3614.0,197
4,4,1.97,1.702,64.88,5.007,3609.2,196
4,5,1.924,1.732,64.75,4.992,3610.6,195
4,6,1.935,1.667,65.06,5.02,3616.1,194
4,7,1.983,1.722,64.35,4.991,3612.3,193
4,8,1.908,1.637,64.59,5.0,3609.9,192
4,9,1.914,1.729,64.91,5.059,3613.3,191
4,10,1.915,1.682,64.94,5.018,3620.9,190
4,11,1.893,1.716,64.92,4.978,3615.7,189
4,12,1.977,1.648,64.81,4.975,3607.5,188
4,13,1.968,1.663,64.26,5.014,3610.5,187
4,14,1.908,1.712,64.23,4.991,3613.2,186
4,15,1.965,1.732,64.48,5.028,3609.4,185
4,16,2.0,1.637,65.48,4.996,3620.6,184
4,17,1.95,1.641,64.55,5.025,3616.8,183
4,18,1.924,1.684,65.19,5.012,3607.4,182
4,19,1.894,1.692,65.42,5.042,3615.7,181
4,20,1.938,1.712,64.48,5.006,3609.3,180
4,21,1.877,1.695,64.91,5.023,3614.8,179
4,22,1.936,1.704,64.79,5.018,3609.7,178
4,23,1.941,1.709,64.48,5.01,3610.1,177
4,24,1.905,1.637,65.45,5.031,3614.7,176
4,25,2.005,1.675,66.33,5.005,3613.6,175
4,26,1.911,1.697,65.23,5.007,3619.7,174
4,27,1.936,1.693,64.36,5.018,3612.0,173
4,28,1.902,1.651,66.15,5.004,3606.7,172
4,29,1.899,1.68,65.09,5.02,3615.3,171
4,30,1.901,1.696,64.38,4.997,3608.9,170
4,31,1.879,1.725,65.16,5.029,3612.7,169
4,32,1.958,1.612,65.25,5.013,3615.1,168
4,33,1.942,1.643,64.07,4.995,3614.8,167
4,34,1.954,1.627,64.32,4.995,3611.1,166
4,35,1.872,1.625,64.4,5.011,3607.9,165
4,36,1.922,1.724,64.16,5.005,3616.7,164
4,37,1.91,1.659,65.4,5.003,3617.0,163
4,38,1.944,1.668,65.05,5.016,3616.7,162
4,39,1.905,1.684,64.78,5.023,3608.5,161
4,40,1.967,1.701,64.16,5.034,3621.5,160
4,41,1.967,1.739,64.86,4.976,3605.2,159
4,42,1.937,1.658,64.36,5.008,3615.0,158
4,43,1.868,1.664,65.57,4.988,3616.1,157
4,44,1.907,1.704,65.36,5.024,3616.2,156
4,45,1.88,1.727,64.39,5.015,3613.6,155
4,46,1.946,1.696,64.39,4.982,3616.1,154
4,47,1.934,1.728,64.79,4.981,3616.4,153
4,48,1.912,1.696,64.49,5.042,3609.1,152
4,49,1.913,1.686,64.27,5.016,3619.0,151
4,50,1.907,1.698,63.44,5.009,3611.3,150
4,51,1.894,1.725,64.65,5.006,3611.1,149
4,52,1.85,1.637,65.3,4.967,3609.5,148
4,53,1.911,1.752,65.2,4.998,3617.8,147
4,54,1.897,1.722,64.14,5.031,3610.9,146
4,55,1.885,1.673,64.95,4.999,3614.8,145
4,56,1.903,1.707,65.04,5.008,3610.8,144
4,57,1.933,1.704,65.85,5.028,3616.5,143
4,58,2.05,1.703,65.06,5.023,3608.5,142
4,59,1.909,1.662,65.14,5.006,3613.1,141
4,60,1.97,1.717,64.73,4.996,3617.1,140
4,61,1.957,1.618,64.66,5.013,3615.7,139
4,62,1.963,1.693,65.11,5.011,3609.9,138
4,63,1.916,1.683,64.8,4.972,3611.0,137
4,64,1.929,1.671,64.69,5.019,3608.3,136
4,65,1.861,1.668,65.2,5.043,3615.7,135
4,66,1.868,1.673,64.94,5.013,3614.7,134
4,67,1.89,1.685,65.02,5.026,3609.3,133
4,68,1.913,1.574,64.5,4.999,3608.5,132
4,69,1.933,1.68,63.68,5.014,3608.9,131
4,70,1.946,1.631,64.83,5.004,3613.8,130
4,71,1.931,1.672,64.05,4.98,3610.2,129
4,72,1.926,1.658,65.13,5.004,3608.7,128
4,73,1.915,1.691,64.98,5.047,3609.9,127
4,74,1.924,1.699,64.8,4.999,3606.4,126
4,75,1.906,1.639,63.95,4.993,3608.4,125
4,76,1.95,1.706,64.36,5.004,3605.1,124
4,77,1.907,1.698,65.23,4.995,3616.8,123
4,78,1.866,1.632,65.17,5.043,3614.5,122
4,79,1.925,1.594,63.8,5.012,3611.1,121
4,80,1.882,1.685,64.87,5.028,3613.1,120
4,81,1.976,1.682,64.76,5.031,3608.7,119
4,82,2.039,1.697,65.0,5.02,3620.1,118
4,83,1.958,1.618,65.52,5.003,3613.0,117
4,84,1.875,1.703,64.49,5.011,3611.4,116
4,85,2.004,1.761,64.84,5.011,3611.1,115
4,86,1.971,1.669,64.6,5.029,3610.4,114
4,87,1.925,1.619,65.17,5.048,3615.5,113
4,88,1.985,1.648,64.93,4.99,3611.7,112
4,89,1.957,1.686,64.11,4.983,3607.0,111
4,90,1.946,1.765,65.5,4.971,3618.3,110
4,91,1.964,1.62,64.66,5.031,3614.8,109
4,92,1.874,1.707,63.75,5.005,3617.1,108
4,93,1.927,1.662,65.26,5.029,3617.8,107
4,94,1.961,1.725,65.18,5.015,3612.9,106
4,95,1.917,1.634,64.34,5.004,3613.5,105
4,96,1.984,1.68,65.32,5.031,3611.6,104
4,97,1.95,1.672,65.48,5.022,3607.8,103
4,98,1.933,1.748,64.72,5.018,3614.8,102
4,99,1.885,1.703,64.12,4.997,3616.9,101
4,100,1.941,1.67,65.04,5.008,3612.6,100
4,101,1.953,1.654,64.84,5.003,3606.2,99
4,102,1.892,1.747,65.02,4.982,3606.4,98
4,103,1.927,1.749,64.74,5.034,3613.9,97
4,104,1.955,1.637,65.32,5.001,3615.9,96
4,105,1.909,1.702,65.05,5.003,3614.0,95
4,106,1.937,1.674,65.71,5.026,3609.2,94
4,107,1.979,1.677,64.34,5.024,3605.4,93
4,108,2.002,1.704,64.87,5.01,3614.4,92
4,109,1.942,1.751,65.07,4.975,3611.2,91
4,110,2.042,1.799,65.42,4.974,3613.7,90
4,111,2.033,1.772,65.51,5.002,3611.3,89
4,112,1.989,1.678,65.34,4.996,3613.7,88
4,113,1.974,1.792,66.26,4.991,3611.0,87
4,114,2.056,1.861,64.79,4.99,3607.8,86
4,115,2.04,1.793,66.05,5.018,3612.6,85
4,116,2.065,1.91,65.24,4.967,3603.4,84
4,117,2.156,1.865,66.75,4.947,3616.1,83
4,118,2.124,1.876,64.8,5.0,3613.1,82
4,119,2.142,1.888,65.33,4.954,3607.8,81
4,120,2.092,1.917,66.41,4.947,3610.8,80
4,121,2.18,1.916,65.6,4.939,3613.3,79
4,122,2.214,2.005,66.05,4.933,3613.6,78
4,123,2.269,1.976,66.73,4.933,3607.8,77
4,124,2.265,1.918,66.12,4.967,3608.9,76
4,125,2.248,1.932,67.21,4.933,3605.0,75
4,126,2.321,1.961,67.22,4.92,3612.6,74
4,127,2.366,2.104,66.77,4.939,3609.6,73
4,128,2.422,2.088,66.66,4.954,3602.7,72
4,129,2.431,2.103,67.12,4.9,3607.1,71
4,130,2.46,2.069,67.07,4.879,3598.4,70
4,131,2.509,2.182,67.48,4.905,3597.2,69
4,132,2.486,2.273,66.85,4.899,3601.6,68
4,133,2.583,2.201,67.82,4.881,3602.1,67
4,134,2.578,2.271,67.1,4.879,3613.8,66
4,135,2.716,2.323,67.83,4.824,3597.5,65
4,136,2.755,2.299,67.7,4.851,3598.0,64
4,137,2.699,2.365,67.79,4.83,3598.5,63
4,138,2.814,2.395,68.34,4.848,3600.5,62
4,139,2.828,2.461,68.95,4.824,3600.7,61
4,140,2.855,2.448,69.2,4.826,3601.6,60
4,141,2.946,2.524,69.37,4.826,3602.8,59
4,142,2.981,2.62,69.34,4.81,3599.6,58
4,143,3.046,2.577,69.79,4.844,3596.3,57
4,144,3.091,2.632,69.41,4.808,3594.4,56
4,145,3.123,2.631,69.5,4.732,3598.9,55
4,146,3.308,2.725,69.27,4.773,3592.7,54
4,147,3.304,2.775,70.02,4.741,3597.9,53
4,148,3.3,2.814,70.48,4.707,3595.7,52
4,149,3.296,2.865,71.2,4.727,3595.7,51
4,150,3.424,2.979,71.53,4.718,3596.3,50
4,151,3.517,2.965,70.65,4.706,3593.9,49
4,152,3.593,2.997,71.12,4.694,3590.7,48
4,153,3.536,3.102,70.91,4.653,3595.5,47
4,154,3.749,3.091,71.94,4.66,3596.4,46
4,155,3.722,3.176,73.15,4.639,3591.3,45
4,156,3.749,3.243,71.82,4.612,3590.8,44
4,157,3.874,3.294,72.56,4.615,3587.8,43
4,158,3.984,3.259,72.81,4.609,3585.3,42
4,159,4.031,3.433,73.36,4.581,3583.7,41
4,160,4.132,3.453,73.78,4.581,3590.0,40
4,161,4.147,3.581,74.73,4.562,3582.0,39
4,162,4.22,3.594,74.85,4.553,3582.8,38
4,163,4.263,3.628,75.81,4.53,3577.7,37
4,164,4.441,3.741,75.34,4.515,3578.5,36
4,165,4.455,3.739,75.33,4.508,3586.2,35
4,166,4.544,3.767,75.66,4.541,3581.2,34
4,167,4.587,3.95,75.67,4.444,3575.3,33
4,168,4.705,3.919,75.8,4.455,3573.9,32
4,169,4.799,4.014,77.07,4.414,3581.1,31
4,170,4.798,4.088,77.27,4.455,3574.6,30
4,171,4.974,4.203,76.9,4.395,3567.4,29
4,172,4.986,4.29,77.21,4.394,3565.9,28
4,173,5.136,4.327,78.84,4.376,3574.9,27
4,174,5.182,4.422,78.01,4.344,3567.7,26
4,175,5.272,4.446,78.17,4.288,3563.3,25
4,176,5.417,4.506,78.57,4.352,3563.8,24
4,177,5.497,4.672,79.97,4.267,3564.2,23
4,178,5.512,4.822,79.23,4.258,3559.7,22
4,179,5.611,4.857,81.63,4.251,3557.4,21
4,180,5.677,4.872,80.66,4.228,3562.3,20
4,181,5.879,4.976,81.06,4.2,3562.7,19
4,182,5.961,5.08,82.02,4.174,3553.0,18
4,183,6.03,5.084,82.41,4.19,3561.9,17
4,184,6.176,5.218,83.05,4.172,3556.4,16
4,185,6.321,5.299,82.72,4.126,3557.6,15
4,186,6.414,5.378,83.96,4.082,3553.2,14
4,187,6.466,5.438,84.93,4.1,3550.4,13
4,188,6.574,5.474,83.79,4.1,3548.1,12
4,189,6.646,5.695,85.29,4.069,3547.4,11
4,190,6.777,5.7,84.57,4.016,3545.3,10
4,191,6.854,5.76,85.63,4.02,3553.1,9
4,192,6.978,5.926,86.13,3.989,3547.8,8
4,193,7.147,6.02,86.31,3.964,3537.9,7
4,194,7.196,6.075,86.34,3.958,3546.7,6
4,195,7.305,6.206,86.86,3.92,3537.6,5
4,196,7.48,6.263,88.36,3.899,3536.2,4
4,197,7.522,6.397,88.78,3.886,3546.3,3
4,198,7.746,6.472,88.67,3.866,3532.4,2
4,199,7.854,6.597,89.45,3.847,3541.1,1
4,200,7.933,6.678,90.57,3.829,3531.3,0
5,1,1.965,1.869,63.75,5.031,3610.3,199
5,2,2.008,1.858,63.84,5.03,3613.3,198
5,3,1.971,1.914,65.17,5.018,3608.2,197
5,4,1.993,1.911,64.0,5.017,3605.2,196
5,5,1.962,1.901,63.99,5.007,3610.2,195
5,6,2.003,1.943,64.02,5.026,3608.8,194
5,7,2.023,1.922,64.5,5.032,3613.3,193
5,8,1.996,1.917,64.6,5.005,3608.4,192
5,9,2.007,1.924,63.66,5.016,3610.6,191
5,10,1.912,1.898,63.99,5.015,3616.6,190
5,11,1.951,1.874,62.77,5.008,3609.4,189
5,12,1.98,1.951,64.5,5.019,3609.5,188
5,13,2.041,1.906,63.66,4.984,3609.2,187
5,14,2.03,1.998,64.1,5.003,3606.2,186
5,15,2.022,1.837,64.35,5.034,3612.7,185
5,16,1.991,1.93,64.16,5.002,3618.4,184
5,17,1.986,1.938,62.86,5.043,3616.8,183
5,18,2.001,1.929,64.35,5.005,3613.1,182
5,19,1.968,1.883,64.63,5.037,3608.1,181
5,20,1.971,1.881,64.44,4.998,3612.4,180
5,21,2.03,1.904,64.58,5.012,3610.1,179
5,22,1.961,1.948,63.69,5.025,3610.7,178
5,23,1.958,1.883,64.76,5.022,3606.9,177
5,24,2.012,1.901,65.8,5.024,3609.4,176
5,25,2.057,1.834,64.12,5.058,3610.5,175
5,26,1.931,1.891,64.8,5.025,3607.6,174
5,27,1.973,1.885,64.25,5.045,3615.2,173
5,28,2.018,1.854,63.41,5.029,3605.6,172
5,29,1.991,1.919,63.5,4.997,3610.6,171
5,30,2.02,1.95,64.38,5.019,3608.0,170
5,31,1.957,1.887,64.28,5.025,3602.6,169
5,32,1.969,1.955,64.11,4.99,3620.4,168
5,33,1.999,1.923,64.27,5.011,3608.0,167
5,34,2.085,1.947,64.48,5.029,3606.9,166
5,35,2.051,1.873,64.21,4.985,3602.8,165
5,36,2.013,1.875,63.08,5.029,3619.4,164
5,37,2.056,1.897,64.08,5.036,3615.4,163
5,38,1.986,1.909,64.22,5.029,3610.4,162
5,39,1.995,1.962,64.68,5.027,3617.8,161
5,40,1.985,1.972,64.34,5.083,3606.2,160
5,41,1.973,1.924,64.27,5.057,3608.3,159
5,42,2.036,1.954,64.42,4.999,3616.6,158
5,43,2.049,1.931,64.17,5.022,3610.6,157
5,44,2.026,1.908,63.65,4.997,3607.9,156
5,45,2.009,1.906,64.18,5.028,3608.4,155
5,46,2.059,1.896,63.85,5.028,3603.6,154
5,47,1.969,1.946,63.2,5.04,3617.0,153
5,48,1.985,1.919,64.63,5.009,3614.4,152
5,49,1.973,1.888,63.67,5.025,3615.6,151
5,50,1.993,1.856,63.53,5.026,3618.3,150
5,51,2.016,1.892,64.45,5.013,3609.4,149
5,52,1.962,1.963,62.8,5.034,3609.1,148
5,53,1.984,1.975,63.71,5.004,3610.4,147
5,54,2.017,1.889,63.28,5.001,3616.1,146
5,55,2.003,1.925,63.94,5.005,3617.7,145
5,56,1.993,1.889,64.62,5.003,3608.6,144
5,57,2.001,1.907,64.2,5.06,3612.3,143
5,58,1.905,1.92,64.09,5.019,3611.9,142
5,59,1.999,1.905,64.38,5.007,3607.2,141
5,60,2.121,1.879,64.12,4.988,3611.4,140
5,61,1.963,1.889,64.59,5.027,3613.2,139
5,62,1.929,1.981,63.48,5.048,3615.0,138
5,63,2.023,1.873,64.15,5.008,3611.1,137
5,64,1.99,1.826,64.63,5.016,3609.0,136
5,65,1.978,1.921,63.62,4.973,3612.6,135
5,66,2.021,1.899,63.5,5.02,3605.1,134
5,67,1.959,1.877,64.49,5.011,3609.2,133
5,68,2.078,1.921,64.24,5.011,3608.6,132
5,69,1.913,1.946,64.3,5.014,3610.4,131
5,70,2.03,1.845,63.78,4.995,3618.0,130
5,71,2.035,1.819,63.31,5.015,3609.1,129
5,72,1.947,1.985,64.23,5.027,3608.2,128
5,73,2.029,1.892,63.93,5.03,3604.4,127
5,74,2.064,1.914,64.71,4.996,3607.3,126
5,75,1.954,1.917,64.1,5.009,3606.9,125
5,76,1.949,1.905,63.84,5.004,3617.1,124
5,77,1.997,1.958,63.8,5.023,3610.7,123
5,78,1.932,1.964,64.0,5.033,3607.9,122
5,79,1.994,1.872,64.69,5.024,3612.4,121
5,80,2.054,1.953,64.45,4.989,3608.2,120
5,81,1.96,1.936,64.16,4.99,3610.2,119
5,82,1.94,1.905,63.24,5.028,3612.5,118
5,83,2.076,1.941,63.86,5.034,3605.4,117
5,84,1.962,1.92,62.99,5.017,3606.9,116
5,85,2.004,1.864,64.28,5.018,3616.6,115
5,86,2.0,1.876,63.95,4.991,3612.6,114
5,87,2.024,2.006,63.76,5.013,3608.7,113
5,88,2.009,1.922,64.04,5.04,3608.5,112
5,89,2.04,1.929,64.07,5.012,3620.7,111
5,90,1.967,1.919,63.7,5.054,3614.5,110
5,91,1.973,1.928,64.2,5.008,3614.0,109
5,92,2.016,1.916,64.05,5.027,3611.9,108
5,93,2.002,1.882,64.92,4.997,3612.7,107
5,94,1.987,1.978,63.62,5.003,3607.1,106
5,95,2.013,1.852,63.83,4.975,3611.9,105
5,96,1.98,1.848,64.61,4.992,3614.1,104
5,97,1.972,1.971,64.45,4.998,3607.3,103
5,98,2.024,1.897,63.99,5.043,3608.0,102
5,99,2.004,1.945,64.48,5.015,3609.8,101
5,100,1.931,1.865,64.23,5.015,3611.3,100
5,101,2.042,1.86,63.96,5.022,3608.1,99
5,102,2.06,1.945,64.23,5.053,3604.9,98
5,103,2.005,1.926,63.64,5.023,3606.5,97
5,104,2.037,1.957,64.25,4.979,3607.0,96
5,105,2.038,1.92,62.79,5.04,3611.3,95
5,106,1.989,1.965,63.82,5.0,3612.1,94
5,107,2.101,1.997,64.37,5.021,3613.7,93
5,108,1.988,1.965,63.86,5.017,3609.5,92
5,109,2.069,1.952,62.74,5.012,3612.9,91
5,110,2.078,1.953,65.14,5.012,3611.9,90
5,111,2.115,1.982,63.92,4.955,3608.1,89
5,112,2.117,1.965,64.83,5.004,3615.0,88
5,113,2.09,2.01,64.75,5.028,3602.8,87
5,114,2.099,2.039,65.33,4.999,3608.2,86
5,115,2.165,2.054,64.45,4.998,3613.9,85
5,116,2.229,2.065,64.73,4.986,3611.1,84
5,117,2.169,2.059,64.27,5.009,3604.1,83
5,118,2.177,2.073,65.88,4.971,3605.7,82
5,119,2.195,2.154,63.57,4.955,3619.0,81
5,120,2.264,2.063,65.05,4.971,3611.1,80
5,121,2.338,2.143,64.9,4.981,3604.6,79
5,122,2.249,2.079,64.5,4.942,3602.4,78
5,123,2.33,2.124,63.82,4.934,3604.8,77
5,124,2.322,2.256,65.2,4.966,3606.3,76
5,125,2.373,2.186,65.6,4.928,3606.6,75
5,126,2.396,2.207,66.26,4.945,3603.8,74
5,127,2.443,2.268,65.46,4.932,3602.6,73
5,128,2.433,2.234,65.85,4.935,3601.9,72
5,129,2.606,2.363,66.83,4.933,3611.6,71
5,130,2.509,2.255,66.1,4.921,3604.4,70
5,131,2.588,2.44,66.67,4.919,3599.5,69
5,132,2.571,2.484,66.68,4.883,3600.3,68
5,133,2.628,2.423,66.15,4.857,3601.5,67
5,134,2.67,2.529,67.11,4.884,3598.7,66
5,135,2.73,2.534,67.49,4.869,3605.5,65
5,136,2.778,2.587,67.07,4.826,3601.7,64
5,137,2.851,2.615,67.71,4.847,3596.8,63
5,138,2.889,2.646,67.4,4.867,3595.9,62
5,139,2.889,2.733,68.31,4.828,3599.9,61
5,140,2.966,2.597,67.62,4.825,3596.7,60
5,141,3.019,2.793,68.11,4.795,3598.8,59
5,142,3.045,2.783,68.34,4.851,3587.9,58
5,143,3.094,2.831,68.3,4.814,3599.4,57
5,144,3.16,2.864,68.86,4.783,3595.2,56
5,145,3.208,2.93,69.51,4.75,3590.6,55
5,146,3.2,3.0,69.49,4.774,3588.3,54
5,147,3.397,2.987,69.68,4.77,3589.3,53
5,148,3.361,3.066,71.26,4.747,3598.9,52
5,149,3.489,3.122,69.58,4.751,3585.8,51
5,150,3.564,3.165,69.0,4.711,3593.6,50
5,151,3.551,3.236,70.15,4.68,3589.9,49
5,152,3.624,3.245,71.45,4.676,3590.6,48
5,153,3.688,3.249,70.43,4.681,3596.4,47
5,154,3.773,3.296,69.81,4.683,3587.2,46
5,155,3.861,3.384,71.81,4.672,3585.0,45
5,156,3.865,3.476,72.18,4.641,3589.8,44
5,157,3.931,3.479,73.18,4.616,3582.7,43
5,158,4.016,3.592,72.29,4.614,3583.9,42
5,159,4.096,3.553,73.71,4.597,3585.4,41
5,160,4.105,3.688,72.74,4.615,3579.8,40
5,161,4.263,3.742,73.15,4.566,3586.3,39
5,162,4.231,3.777,72.71,4.535,3577.0,38
5,163,4.317,3.862,72.99,4.521,3584.0,37
5,164,4.474,3.963,73.81,4.496,3573.6,36
5,165,4.533,4.054,75.09,4.524,3574.2,35
5,166,4.615,4.072,74.86,4.536,3569.1,34
5,167,4.684,4.2,74.56,4.466,3572.9,33
5,168,4.766,4.155,75.93,4.476,3576.0,32
5,169,4.822,4.291,75.52,4.44,3581.5,31
5,170,4.944,4.31,76.41,4.403,3567.0,30
5,171,4.983,4.41,77.14,4.425,3572.7,29
5,172,5.067,4.477,77.17,4.383,3568.4,28
5,173,5.215,4.558,77.51,4.41,3567.6,27
5,174,5.333,4.668,77.03,4.339,3563.8,26
5,175,5.341,4.716,78.44,4.368,3567.2,25
5,176,5.448,4.712,78.55,4.325,3565.5,24
5,177,5.642,4.921,79.29,4.287,3561.5,23
5,178,5.647,4.918,79.53,4.295,3557.9,22
5,179,5.793,5.032,78.81,4.268,3562.2,21
5,180,5.879,5.094,80.49,4.254,3554.5,20
5,181,5.88,5.233,81.07,4.237,3564.5,19
5,182,6.077,5.296,80.43,4.246,3559.3,18
5,183,6.118,5.325,81.42,4.158,3558.6,17
5,184,6.196,5.45,81.45,4.166,3551.5,16
5,185,6.329,5.595,82.83,4.158,3553.1,15
5,186,6.471,5.65,82.15,4.129,3544.5,14
5,187,6.586,5.774,83.03,4.067,3552.8,13
5,188,6.61,5.753,83.74,4.094,3547.1,12
5,189,6.727,5.873,83.67,4.045,3546.3,11
5,190,6.874,5.95,83.61,4.066,3535.2,10
5,191,6.951,6.023,84.85,4.035,3549.2,9
5,192,7.05,6.163,85.33,3.968,3550.8,8
5,193,7.132,6.248,85.89,3.986,3539.8,7
5,194,7.335,6.263,86.13,3.946,3537.6,6
5,195,7.432,6.463,86.46,3.951,3539.0,5
5,196,7.494,6.505,86.96,3.898,3538.9,4
5,197,7.655,6.548,86.77,3.897,3532.4,3
5,198,7.775,6.74,87.45,3.837,3540.8,2
5,199,7.895,6.791,88.11,3.832,3527.8,1
5,200,8.035,6.876,89.62,3.81,3526.8,0
6,1,2.083,1.84,66.99,4.98,3604.5,199
6,2,2.199,1.734,66.93,4.94,3598.1,198
6,3,2.113,1.794,66.17,4.963,3597.5,197
6,4,2.073,1.848,67.03,4.934,3604.7,196
6,5,2.199,1.81,66.65,4.977,3601.8,195
6,6,2.16,1.793,66.44,4.948,3605.0,194
6,7,2.16,1.751,66.98,4.936,3603.9,193
6,8,2.147,1.808,65.52,4.973,3602.0,192
6,9,2.207,1.774,66.55,4.994,3603.6,191
6,10,2.208,1.795,66.78,4.957,3608.1,190
6,11,2.131,1.754,66.26,4.957,3603.9,189
6,12,2.187,1.846,66.09,4.941,3599.0,188
6,13,2.24,1.806,66.82,4.929,3604.7,187
6,14,2.179,1.783,67.12,5.002,3601.0,186
6,15,2.117,1.758,67.38,4.976,3604.2,185
6,16,2.16,1.761,67.02,4.948,3603.7,184
6,17,2.183,1.786,66.46,4.956,3607.9,183
6,18,2.224,1.817,66.98,4.951,3601.9,182
6,19,2.185,1.8,65.87,4.949,3604.4,181
6,20,2.138,1.853,66.82,4.983,3605.8,180
6,21,2.162,1.756,66.58,4.956,3599.3,179
6,22,2.137,1.78,66.78,4.965,3602.4,178
6,23,2.177,1.786,65.14,4.946,3609.1,177
6,24,2.091,1.798,67.37,4.94,3604.8,176
6,25,2.106,1.858,66.54,4.956,3610.2,175
6,26,2.185,1.758,66.25,4.965,3602.3,174
6,27,2.074,1.791,65.84,4.988,3605.5,173
6,28,2.122,1.765,65.63,4.933,3608.8,172
6,29,2.248,1.822,66.53,4.947,3600.9,171
6,30,2.241,1.786,67.63,4.983,3597.8,170
6,31,2.132,1.767,66.54,4.954,3616.7,169
6,32,2.115,1.802,66.89,4.955,3605.2,168
6,33,2.117,1.798,66.83,4.962,3607.0,167
6,34,2.215,1.831,66.61,4.932,3602.4,166
6,35,2.15,1.803,66.34,4.937,3600.0,165
6,36,2.092,1.784,65.84,4.935,3603.2,164
6,37,2.105,1.809,66.95,4.944,3603.0,163
6,38,2.18,1.765,66.19,4.979,3608.3,162
6,39,2.182,1.83,65.59,4.982,3606.3,161
6,40,2.199,1.809,66.6,4.95,3606.2,160
6,41,2.146,1.828,65.78,4.945,3612.9,159
6,42,2.133,1.784,66.14,4.962,3601.8,158
6,43,2.151,1.827,66.23,4.971,3608.0,157
6,44,2.201,1.799,68.2,4.976,3606.1,156
6,45,2.123,1.789,67.29,4.99,3610.7,155
6,46,2.19,1.743,66.82,4.931,3598.8,154
6,47,2.168,1.814,67.03,4.965,3606.9,153
6,48,2.119,1.789,65.82,4.915,3607.7,152
6,49,2.128,1.828,67.13,4.943,3607.1,151
6,50,2.132,1.719,66.64,4.946,3603.0,150
6,51,2.237,1.732,66.77,4.935,3608.4,149
6,52,2.17,1.809,66.1,4.94,3608.5,148
6,53,2.229,1.813,66.13,4.962,3614.5,147
6,54,2.162,1.852,66.21,4.955,3607.2,146
6,55,2.174,1.763,66.17,4.975,3609.5,145
6,56,2.219,1.865,66.64,4.949,3610.2,144
6,57,2.187,1.754,66.06,4.965,3604.0,143
6,58,2.157,1.836,66.96,4.982,3597.0,142
6,59,2.168,1.821,65.81,4.942,3601.4,141
6,60,2.159,1.858,67.59,4.939,3606.9,140
6,61,2.181,1.809,66.78,4.961,3611.5,139
6,62,2.202,1.751,66.98,4.973,3606.0,138
6,63,2.204,1.801,66.68,4.958,3596.7,137
6,64,2.155,1.767,65.98,4.984,3606.8,136
6,65,2.157,1.771,66.73,4.975,3601.4,135
6,66,2.158,1.828,65.61,4.954,3603.0,134
6,67,2.153,1.773,66.65,4.994,3603.5,133
6,68,2.17,1.873,66.3,4.992,3604.8,132
6,69,2.23,1.823,66.73,4.954,3602.3,131
6,70,2.161,1.829,66.57,4.949,3603.7,130
6,71,2.198,1.842,66.24,4.942,3606.3,129
6,72,2.219,1.839,65.95,4.95,3601.0,128
6,73,2.148,1.858,65.87,4.923,3601.4,127
6,74,2.17,1.818,66.8,4.979,3597.7,126
6,75,2.206,1.781,66.94,4.929,3604.8,125
6,76,2.168,1.84,65.78,4.956,3600.4,124
6,77,2.179,1.824,67.22,4.945,3608.5,123
6,78,2.213,1.728,66.88,4.975,3603.7,122
6,79,2.11,1.831,65.98,4.952,3604.6,121
6,80,2.187,1.768,66.23,4.957,3608.8,120
6,81,2.25,1.733,66.73,4.934,3608.8,119
6,82,2.121,1.766,66.28,4.954,3606.0,118
6,83,2.178,1.793,65.91,4.97,3604.5,117
6,84,2.205,1.765,65.78,4.955,3609.9,116
6,85,2.165,1.785,66.14,4.991,3600.6,115
6,86,2.129,1.816,65.65,4.981,3607.2,114
6,87,2.194,1.816,66.5,4.934,3604.2,113
6,88,2.119,1.813,66.98,4.985,3606.2,112
6,89,2.195,1.781,66.34,4.965,3603.2,111
6,90,2.169,1.751,66.14,4.968,3608.3,110
6,91,2.119,1.82,66.31,4.956,3610.4,109
6,92,2.191,1.825,67.53,4.941,3600.8,108
6,93,2.129,1.783,65.4,4.951,3602.6,107
6,94,2.19,1.807,66.28,4.967,3607.6,106
6,95,2.128,1.774,65.46,4.934,3601.8,105
6,96,2.161,1.756,66.32,4.931,3605.4,104
6,97,2.175,1.809,66.58,4.925,3602.3,103
6,98,2.142,1.777,66.61,4.984,3608.0,102
6,99,2.119,1.82,66.9,4.939,3608.1,101
6,100,2.152,1.737,66.8,4.96,3603.8,100
6,101,2.157,1.765,66.88,4.954,3605.4,99
6,102,2.175,1.749,66.14,4.911,3607.0,98
6,103,2.115,1.803,66.79,4.966,3599.9,97
6,104,2.165,1.868,67.47,4.973,3606.0,96
6,105,2.133,1.835,66.56,4.964,3602.0,95
6,106,2.173,1.818,66.79,4.961,3602.1,94
6,107,2.134,1.883,67.94,4.958,3599.1,93
6,108,2.166,1.846,67.41,4.923,3603.7,92
6,109,2.215,1.868,66.61,4.914,3606.6,91
6,110,2.263,1.84,67.03,4.934,3600.6,90
6,111,2.272,1.869,67.12,4.971,3599.6,89
6,112,2.223,1.872,66.66,4.954,3602.9,88
6,113,2.22,1.88,67.08,4.954,3605.0,87
6,114,2.294,1.904,66.97,4.918,3604.3,86
6,115,2.28,1.973,67.81,4.941,3604.5,85
6,116,2.308,1.871,67.11,4.927,3603.6,84
6,117,2.351,1.975,66.95,4.907,3608.2,83
6,118,2.384,1.94,67.33,4.914,3602.3,82
6,119,2.394,2.075,67.57,4.925,3595.1,81
6,120,2.379,2.042,67.78,4.82,3604.2,80
6,121,2.5,1.934,68.44,4.847,3605.0,79
6,122,2.448,1.941,68.01,4.92,3602.3,78
6,123,2.499,2.041,66.97,4.906,3607.5,77
6,124,2.549,2.002,67.26,4.869,3593.8,76
6,125,2.535,2.122,67.42,4.896,3602.2,75
6,126,2.542,2.124,67.29,4.868,3599.4,74
6,127,2.603,2.173,68.52,4.863,3600.1,73
6,128,2.669,2.182,68.7,4.858,3595.9,72
6,129,2.684,2.192,68.87,4.855,3596.8,71
6,130,2.685,2.223,68.0,4.855,3598.5,70
6,131,2.769,2.253,69.93,4.832,3593.6,69
6,132,2.733,2.236,69.9,4.86,3599.0,68
6,133,2.776,2.41,69.12,4.819,3601.8,67
6,134,2.878,2.459,69.59,4.809,3593.1,66
6,135,2.819,2.395,70.21,4.82,3595.0,65
6,136,2.896,2.45,70.32,4.808,3595.1,64
6,137,2.948,2.513,68.43,4.799,3604.1,63
6,138,2.964,2.506,70.18,4.773,3597.3,62
6,139,3.09,2.56,70.78,4.773,3605.3,61
6,140,3.124,2.601,69.72,4.752,3596.5,60
6,141,3.114,2.548,70.8,4.781,3591.5,59
6,142,3.203,2.601,71.21,4.757,3583.5,58
6,143,3.313,2.748,71.77,4.745,3592.6,57
6,144,3.341,2.796,70.51,4.693,3586.3,56
6,145,3.368,2.821,71.8,4.735,3593.1,55
6,146,3.393,2.861,71.44,4.698,3589.1,54
6,147,3.347,2.994,72.38,4.678,3594.8,53
6,148,3.527,2.951,72.09,4.712,3585.9,52
6,149,3.605,3.042,72.87,4.666,3590.0,51
6,150,3.76,3.056,72.89,4.659,3590.0,50
6,151,3.695,3.083,72.31,4.62,3581.9,49
6,152,3.779,3.216,73.61,4.613,3580.2,48
6,153,3.899,3.243,73.61,4.609,3586.8,47
6,154,3.868,3.267,75.0,4.61,3578.3,46
6,155,3.99,3.287,73.44,4.606,3585.0,45
6,156,4.028,3.346,73.94,4.576,3577.4,44
6,157,4.067,3.494,74.93,4.577,3582.3,43
6,158,4.208,3.459,75.12,4.546,3579.6,42
6,159,4.261,3.519,74.62,4.541,3576.1,41
6,160,4.243,3.614,76.06,4.574,3574.4,40
6,161,4.369,3.609,75.98,4.513,3571.7,39
6,162,4.458,3.636,76.65,4.479,3573.9,38
6,163,4.483,3.755,76.36,4.479,3574.9,37
6,164,4.674,3.871,77.3,4.493,3574.3,36
6,165,4.692,3.946,77.68,4.461,3565.1,35
6,166,4.738,3.96,77.86,4.432,3574.5,34
6,167,4.904,4.086,78.4,4.396,3570.8,33
6,168,4.908,4.039,77.99,4.427,3569.6,32
6,169,5.096,4.181,79.7,4.388,3566.8,31
6,170,5.047,4.288,78.58,4.354,3570.7,30
6,171,5.229,4.359,79.0,4.349,3564.2,29
6,172,5.3,4.447,79.72,4.373,3566.9,28
6,173,5.346,4.491,80.75,4.356,3566.9,27
6,174,5.445,4.523,80.56,4.332,3562.7,26
6,175,5.552,4.608,80.48,4.277,3560.3,25
6,176,5.693,4.672,81.04,4.245,3561.4,24
6,177,5.77,4.823,81.5,4.255,3556.7,23
6,178,5.83,4.848,81.82,4.228,3557.9,22
6,179,5.891,4.904,83.03,4.261,3550.0,21
6,180,5.948,4.955,82.53,4.205,3555.9,20
6,181,6.102,5.095,82.63,4.163,3552.2,19
6,182,6.129,5.109,82.83,4.164,3551.9,18
6,183,6.316,5.164,83.06,4.142,3538.5,17
6,184,6.441,5.248,84.64,4.091,3552.5,16
6,185,6.622,5.315,84.99,4.052,3548.7,15
6,186,6.588,5.497,84.61,4.083,3539.8,14
6,187,6.749,5.561,84.8,4.079,3543.9,13
6,188,6.881,5.714,85.54,4.024,3543.3,12
6,189,6.972,5.771,86.47,4.001,3541.2,11
6,190,7.071,5.843,86.63,3.972,3537.7,10
6,191,7.071,5.904,88.03,3.958,3541.3,9
6,192,7.138,6.048,87.66,3.93,3537.8,8
6,193,7.328,6.033,88.66,3.922,3534.3,7
6,194,7.421,6.153,88.78,3.927,3534.9,6
6,195,7.518,6.315,89.11,3.89,3535.0,5
6,196,7.569,6.423,89.12,3.821,3530.3,4
6,197,7.82,6.432,90.45,3.842,3529.7,3
6,198,7.886,6.556,91.1,3.773,3532.2,2
6,199,8.032,6.69,90.23,3.776,3528.8,1
6,200,8.105,6.813,91.62,3.742,3528.2,0
7,1,2.184,1.857,64.29,4.985,3594.7,199
7,2,2.227,1.968,64.41,4.947,3592.5,198
7,3,2.227,1.88,64.88,4.964,3601.2,197
7,4,2.19,1.853,64.24,4.95,3605.9,196
7,5,2.192,1.908,64.17,4.953,3597.0,195
7,6,2.24,1.862,64.0,4.977,3599.9,194
7,7,2.262,1.897,64.76,4.989,3593.3,193
7,8,2.158,1.839,63.77,4.99,3599.1,192
7,9,2.199,1.779,65.46,4.956,3606.1,191
7,10,2.138,1.85,63.34,4.982,3593.5,190
7,11,2.153,1.828,64.83,4.989,3605.2,189
7,12,2.169,1.891,63.79,4.968,3595.8,188
7,13,2.215,1.923,64.93,4.957,3601.9,187
7,14,2.194,1.87,64.08,4.963,3604.9,186
7,15,2.209,1.89,64.31,5.023,3603.1,185
7,16,2.167,1.872,64.33,4.977,3595.1,184
7,17,2.214,1.941,63.78,4.952,3596.0,183
7,18,2.179,1.963,64.94,4.993,3596.9,182
7,19,2.185,1.825,64.83,4.984,3603.1,181
7,20,2.188,1.877,64.52,4.992,3592.0,180
7,21,2.226,1.882,63.91,4.933,3597.4,179
7,22,2.254,1.95,64.61,5.014,3597.8,178
7,23,2.234,1.865,64.18,4.961,3589.7,177
7,24,2.248,1.857,64.04,4.951,3597.1,176
7,25,2.267,1.966,63.61,4.967,3593.8,175
7,26,2.236,1.894,64.12,4.976,3596.0,174
7,27,2.261,1.905,64.77,4.921,3597.7,173
7,28,2.28,1.936,63.51,4.968,3593.1,172
7,29,2.265,1.892,64.05,4.975,3587.5,171
7,30,2.153,1.884,64.86,4.935,3596.4,170
7,31,2.237,1.825,64.55,4.976,3604.8,169
7,32,2.187,1.876,64.86,4.948,3597.0,168
7,33,2.178,1.877,64.86,4.985,3594.9,167
7,34,2.202,1.942,64.02,4.977,3597.2,166
7,35,2.194,1.817,65.14,4.959,3602.0,165
7,36,2.171,1.858,65.04,4.994,3598.8,164
7,37,2.227,1.871,64.43,4.961,3601.5,163
7,38,2.169,1.942,64.28,4.975,3601.0,162
7,39,2.197,1.871,64.42,4.992,3595.3,161
7,40,2.191,1.883,64.87,4.972,3605.2,160
7,41,2.19,1.873,64.35,4.948,3593.8,159
7,42,2.175,1.928,64.42,4.965,3602.8,158
7,43,2.258,1.933,64.01,4.964,3605.2,157
7,44,2.206,1.872,64.8,4.994,3595.6,156
7,45,2.205,1.92,63.86,4.975,3593.5,155
7,46,2.157,1.86,64.68,4.968,3595.3,154
7,47,2.198,1.837,64.65,4.997,3597.6,153
7,48,2.188,1.898,63.42,4.985,3610.3,152
7,49,2.191,1.878,64.81,5.007,3601.8,151
7,50,2.11,1.905,65.72,4.987,3593.3,150
7,51,2.208,1.831,65.05,4.955,3598.2,149
7,52,2.162,1.861,65.18,4.976,3595.7,148
7,53,2.15,1.808,63.81,4.977,3601.8,147
7,54,2.174,1.946,64.08,4.97,3593.6,146
7,55,2.236,1.967,63.56,4.967,3603.0,145
7,56,2.138,1.905,65.05,4.976,3600.1,144
7,57,2.267,1.961,64.41,4.964,3594.2,143
7,58,2.235,1.828,64.31,4.976,3595.9,142
7,59,2.207,1.985,64.38,4.966,3602.0,141
7,60,2.206,1.94,64.52,4.969,3590.8,140
7,61,2.131,1.809,64.63,4.947,3602.9,139
7,62,2.197,1.873,64.01,4.987,3594.7,138
7,63,2.157,1.93,64.61,4.97,3600.5,137
7,64,2.197,1.898,64.03,5.016,3595.6,136
7,65,2.258,1.875,64.84,4.989,3602.5,135
7,66,2.163,1.926,65.36,4.969,3598.1,134
7,67,2.175,1.869,65.29,4.954,3594.2,133
7,68,2.261,1.908,65.5,4.965,3598.4,132
7,69,2.17,1.888,63.55,4.988,3599.2,131
7,70,2.194,1.867,63.99,4.989,3593.2,130
7,71,2.217,1.966,65.18,4.944,3595.8,129
7,72,2.213,1.88,63.74,4.982,3597.9,128
7,73,2.273,1.873,65.02,4.949,3593.8,127
7,74,2.225,1.926,63.96,4.975,3592.4,126
7,75,2.189,1.916,64.22,4.969,3593.4,125
7,76,2.17,1.953,64.47,4.954,3596.7,124
7,77,2.132,1.842,65.12,4.971,3605.5,123
7,78,2.192,1.881,64.76,4.921,3598.7,122
7,79,2.194,1.942,64.92,4.952,3602.9,121
7,80,2.186,1.847,64.54,4.97,3604.1,120
7,81,2.21,1.891,64.89,4.996,3601.1,119
7,82,2.253,1.907,64.52,4.999,3597.6,118
7,83,2.198,1.952,65.25,4.974,3596.1,117
7,84,2.255,1.915,64.59,4.968,3599.3,116
7,85,2.195,1.856,64.5,4.98,3596.4,115
7,86,2.232,1.934,64.92,4.969,3600.9,114
7,87,2.199,1.833,64.77,4.977,3608.3,113
7,88,2.255,1.911,64.56,4.978,3593.9,112
7,89,2.127,1.848,64.41,4.932,3595.7,111
7,90,2.186,1.874,64.11,4.967,3604.8,110
7,91,2.223,1.86,64.4,4.974,3594.9,109
7,92,2.165,1.923,64.23,4.952,3597.8,108
7,93,2.201,1.804,64.42,4.992,3599.7,107
7,94,2.285,1.933,65.16,5.03,3601.0,106
7,95,2.203,1.922,64.16,4.976,3595.3,105
7,96,2.212,1.857,64.09,4.983,3597.4,104
7,97,2.119,1.824,63.86,4.957,3599.6,103
7,98,2.205,1.925,64.81,4.996,3600.4,102
7,99,2.205,1.927,64.9,4.982,3603.0,101
7,100,2.102,1.871,64.28,4.997,3604.2,100
7,101,2.139,1.94,63.85,4.951,3597.0,99
7,102,2.186,1.822,64.77,4.987,3602.1,98
7,103,2.184,1.886,64.44,5.007,3586.5,97
7,104,2.168,1.891,63.93,4.967,3597.3,96
7,105,2.185,1.898,64.81,4.967,3595.9,95
7,106,2.211,1.9,63.66,4.979,3595.8,94
7,107,2.276,1.931,65.14,4.948,3596.0,93
7,108,2.185,1.887,65.22,4.996,3592.8,92
7,109,2.227,1.92,64.93,4.929,3590.9,91
7,110,2.276,1.855,64.46,4.966,3598.8,90
7,111,2.263,1.929,65.16,4.965,3594.4,89
7,112,2.284,1.97,65.66,4.973,3601.6,88
7,113,2.273,1.946,64.74,4.951,3592.5,87
7,114,2.364,2.016,64.77,4.964,3597.2,86
7,115,2.36,1.941,64.93,4.946,3598.6,85
7,116,2.325,1.911,64.54,4.942,3596.1,84
7,117,2.437,2.051,65.2,4.939,3600.0,83
7,118,2.367,2.039,64.7,4.964,3596.9,82
7,119,2.385,2.059,65.59,4.926,3592.9,81
7,120,2.41,2.096,65.26,4.917,3589.4,80
7,121,2.464,2.096,65.38,4.925,3597.4,79
7,122,2.515,2.147,65.53,4.905,3589.9,78
7,123,2.49,2.148,65.37,4.913,3589.8,77
7,124,2.475,2.203,65.64,4.888,3588.9,76
7,125,2.588,2.25,65.8,4.895,3597.2,75
7,126,2.529,2.299,67.35,4.839,3592.1,74
7,127,2.605,2.237,66.05,4.903,3591.6,73
7,128,2.63,2.268,66.65,4.857,3585.1,72
7,129,2.781,2.278,66.47,4.865,3593.4,71
7,130,2.807,2.356,65.93,4.839,3589.1,70
7,131,2.762,2.294,67.25,4.837,3596.2,69
7,132,2.883,2.385,67.22,4.827,3592.2,68
7,133,2.83,2.384,67.01,4.834,3587.9,67
7,134,2.928,2.429,68.19,4.809,3595.1,66
7,135,2.891,2.495,67.25,4.82,3591.3,65
7,136,3.034,2.578,67.47,4.822,3584.4,64
7,137,2.978,2.521,67.64,4.815,3579.3,63
7,138,3.061,2.665,68.61,4.789,3580.8,62
7,139,3.127,2.551,68.79,4.788,3593.1,61
7,140,3.087,2.719,68.39,4.776,3579.6,60
7,141,3.229,2.75,69.53,4.793,3582.1,59
7,142,3.214,2.71,69.58,4.747,3589.7,58
7,143,3.327,2.82,68.91,4.766,3583.1,57
7,144,3.343,2.879,69.2,4.726,3584.8,56
7,145,3.409,2.915,69.27,4.707,3588.7,55
7,146,3.528,2.976,69.53,4.714,3586.5,54
7,147,3.507,2.962,70.9,4.708,3587.3,53
7,148,3.523,3.055,71.23,4.698,3578.4,52
7,149,3.59,3.127,70.05,4.684,3573.8,51
7,150,3.759,3.179,70.67,4.651,3584.1,50
7,151,3.742,3.139,70.06,4.649,3571.3,49
7,152,3.794,3.264,71.01,4.657,3573.4,48
7,153,3.884,3.364,71.28,4.645,3569.2,47
7,154,4.007,3.322,72.25,4.622,3577.0,46
7,155,4.038,3.377,72.55,4.596,3576.8,45
7,156,4.062,3.465,72.05,4.599,3568.5,44
7,157,4.156,3.509,72.29,4.583,3572.5,43
7,158,4.19,3.56,72.34,4.618,3575.2,42
7,159,4.296,3.67,72.15,4.505,3568.5,41
7,160,4.301,3.673,73.54,4.561,3564.6,40
7,161,4.445,3.744,73.91,4.517,3573.7,39
7,162,4.499,3.876,73.65,4.528,3566.9,38
7,163,4.565,3.893,74.21,4.445,3553.9,37
7,164,4.705,3.98,75.62,4.482,3560.0,36
7,165,4.714,3.996,74.5,4.5,3573.1,35
7,166,4.829,4.06,74.68,4.483,3563.4,34
7,167,4.878,4.146,75.37,4.439,3556.2,33
7,168,5.014,4.191,76.58,4.415,3560.4,32
7,169,5.004,4.294,75.9,4.393,3559.8,31
7,170,5.141,4.264,76.57,4.402,3557.2,30
7,171,5.212,4.41,76.98,4.349,3557.5,29
7,172,5.346,4.433,77.21,4.325,3560.2,28
7,173,5.39,4.513,77.81,4.311,3551.2,27
7,174,5.423,4.578,78.81,4.303,3556.0,26
7,175,5.538,4.726,77.99,4.3,3553.1,25
7,176,5.755,4.796,78.58,4.295,3560.3,24
7,177,5.688,4.814,79.14,4.254,3549.2,23
7,178,5.794,4.981,78.94,4.24,3553.4,22
7,179,5.94,4.964,79.36,4.221,3545.0,21
7,180,6.044,5.027,80.84,4.209,3547.5,20
7,181,6.19,5.146,80.48,4.176,3544.7,19
7,182,6.227,5.211,80.24,4.156,3545.6,18
7,183,6.335,5.375,82.64,4.163,3548.3,17
7,184,6.461,5.479,83.0,4.147,3544.3,16
7,185,6.523,5.494,82.33,4.12,3537.2,15
7,186,6.626,5.487,83.79,4.082,3540.6,14
7,187,6.796,5.679,84.08,4.041,3547.0,13
7,188,6.886,5.763,84.51,4.022,3534.8,12
7,189,7.007,5.769,84.52,4.034,3542.4,11
7,190,6.993,5.997,84.41,3.993,3528.2,10
7,191,7.121,6.039,84.58,3.995,3529.0,9
7,192,7.226,6.094,85.77,3.953,3530.3,8
7,193,7.413,6.251,85.9,3.916,3529.0,7
7,194,7.517,6.242,86.08,3.9,3526.4,6
7,195,7.581,6.423,86.2,3.86,3524.4,5
7,196,7.719,6.433,87.17,3.86,3522.6,4
7,197,7.848,6.561,88.7,3.855,3519.4,3
7,198,7.962,6.69,89.05,3.81,3524.2,2
7,199,8.079,6.843,89.58,3.802,3518.5,1
7,200,8.217,6.875,90.28,3.776,3516.3,0
8,1,2.012,1.846,66.84,4.871,3613.8,199
8,2,2.046,1.846,66.55,4.928,3606.8,198
8,3,2.103,1.861,67.14,4.924,3613.6,197
8,4,2.1,1.768,67.57,4.902,3611.7,196
8,5,2.065,1.883,65.92,4.926,3604.7,195
8,6,2.127,1.858,66.73,4.87,3605.4,194
8,7,2.08,1.85,66.74,4.906,3605.9,193
8,8,2.111,1.749,66.56,4.907,3602.1,192
8,9,2.077,1.89,66.78,4.911,3609.2,191
8,10,2.098,1.837,65.91,4.901,3609.1,190
8,11,2.062,1.799,65.42,4.93,3603.5,189
8,12,2.077,1.89,65.61,4.913,3605.0,188
8,13,2.079,1.89,65.6,4.925,3609.9,187
8,14,2.056,1.835,66.47,4.921,3608.1,186
8,15,2.086,1.801,66.76,4.937,3606.5,185
8,16,2.004,1.836,66.36,4.891,3604.3,184
8,17,2.007,1.865,66.34,4.881,3607.1,183
8,18,2.061,1.861,66.07,4.898,3602.6,182
8,19,2.042,1.841,66.34,4.91,3604.0,181
8,20,2.049,1.941,65.88,4.902,3618.9,180
8,21,2.08,1.785,66.68,4.895,3609.4,179
8,22,2.055,1.823,67.07,4.925,3609.6,178
8,23,2.081,1.823,66.57,4.938,3606.3,177
8,24,2.136,1.875,66.37,4.919,3606.3,176
8,25,2.013,1.837,66.37,4.905,3607.1,175
8,26,2.064,1.872,66.59,4.917,3600.3,174
8,27,2.135,1.835,66.22,4.907,3603.8,173
8,28,2.125,1.896,66.48,4.912,3608.2,172
8,29,2.066,1.833,66.43,4.905,3606.7,171
8,30,2.072,1.865,65.95,4.928,3602.1,170
8,31,2.041,1.819,65.73,4.934,3601.9,169
8,32,2.036,1.891,65.98,4.91,3601.7,168
8,33,2.097,1.874,66.63,4.924,3606.0,167
8,34,2.043,1.808,66.91,4.929,3603.0,166
8,35,2.065,1.829,65.7,4.917,3604.1,165
8,36,2.025,1.781,65.48,4.906,3605.4,164
8,37,2.028,1.867,66.23,4.925,3605.0,163
8,38,2.032,1.845,65.63,4.924,3602.0,162
8,39,2.1,1.827,66.79,4.891,3603.0,161
8,40,2.079,1.887,67.09,4.914,3613.1,160
8,41,2.052,1.885,65.79,4.922,3596.4,159
8,42,2.019,1.859,65.6,4.922,3609.4,158
8,43,2.043,1.802,66.02,4.894,3605.3,157
8,44,2.068,1.828,67.1,4.899,3611.3,156
8,45,2.022,1.843,66.85,4.936,3604.0,155
8,46,2.086,1.857,65.99,4.926,3613.2,154
8,47,2.082,1.863,66.6,4.884,3607.6,153
8,48,2.023,1.817,67.34,4.909,3602.8,152
8,49,2.11,1.803,66.04,4.939,3605.9,151
8,50,2.001,1.862,66.06,4.944,3603.3,150
8,51,2.106,1.912,65.84,4.91,3607.3,149
8,52,2.029,1.851,66.15,4.909,3605.9,148
8,53,2.066,1.847,65.96,4.903,3605.3,147
8,54,2.062,1.823,66.42,4.877,3602.8,146
8,55,2.052,1.806,67.08,4.914,3606.4,145
8,56,2.044,1.84,65.65,4.91,3602.0,144
8,57,2.052,1.738,65.7,4.943,3609.0,143
8,58,2.116,1.896,66.6,4.905,3601.6,142
8,59,2.109,1.843,67.51,4.906,3613.6,141
8,60,2.057,1.894,67.11,4.893,3603.8,140
8,61,2.022,1.791,66.59,4.91,3605.9,139
8,62,2.086,1.766,66.9,4.907,3607.9,138
8,63,2.088,1.895,66.21,4.871,3606.0,137
8,64,2.072,1.799,66.33,4.906,3600.4,136
8,65,2.09,1.818,66.06,4.904,3610.7,135
8,66,2.062,1.844,66.04,4.923,3611.1,134
8,67,2.089,1.868,66.56,4.886,3602.2,133
8,68,2.055,1.812,65.73,4.876,3600.3,132
8,69,2.053,1.838,65.86,4.915,3604.0,131
8,70,2.107,1.834,66.61,4.918,3600.1,130
8,71,2.06,1.791,66.21,4.899,3607.3,129
8,72,2.01,1.841,66.55,4.932,3602.7,128
8,73,2.064,1.848,67.03,4.884,3602.1,127
8,74,2.176,1.83,65.32,4.902,3594.7,126
8,75,2.073,1.873,65.81,4.904,3609.4,125
8,76,1.993,1.788,66.15,4.899,3604.6,124
8,77,2.013,1.849,66.19,4.925,3606.5,123
8,78,2.072,1.783,66.51,4.907,3605.1,122
8,79,2.105,1.812,66.94,4.943,3608.7,121
8,80,2.024,1.753,66.8,4.916,3602.7,120
8,81,2.11,1.806,66.05,4.924,3601.3,119
8,82,2.059,1.884,66.37,4.939,3610.3,118
8,83,2.064,1.747,65.71,4.929,3599.5,117
8,84,2.05,1.854,67.0,4.902,3603.2,116
8,85,2.061,1.855,66.18,4.935,3602.5,115
8,86,2.068,1.858,66.06,4.93,3606.3,114
8,87,2.095,1.848,66.45,4.901,3603.2,113
8,88,2.112,1.866,65.75,4.917,3596.2,112
8,89,2.041,1.879,66.2,4.916,3593.7,111
8,90,2.048,1.854,66.49,4.933,3604.9,110
8,91,2.057,1.787,66.16,4.888,3598.3,109
8,92,2.02,1.901,66.13,4.918,3603.7,108
8,93,1.992,1.878,65.17,4.903,3605.5,107
8,94,2.073,1.812,65.34,4.898,3602.7,106
8,95,2.033,1.879,65.65,4.92,3606.4,105
8,96,2.102,1.835,66.66,4.91,3607.5,104
8,97,2.003,1.735,66.45,4.922,3607.6,103
8,98,2.042,1.9,66.03,4.922,3608.1,102
8,99,2.132,1.828,65.93,4.884,3611.9,101
8,100,2.08,1.859,67.82,4.92,3600.5,100
8,101,2.056,1.802,66.07,4.905,3603.4,99
8,102,2.01,1.906,66.42,4.909,3608.7,98
8,103,2.088,1.856,66.63,4.915,3608.3,97
8,104,2.103,1.855,66.19,4.942,3603.7,96
8,105,2.094,1.87,66.02,4.894,3604.1,95
8,106,2.065,1.8,66.03,4.915,3610.5,94
8,107,2.115,1.761,66.7,4.897,3607.1,93
8,108,2.101,1.865,66.37,4.906,3610.6,92
8,109,2.111,1.924,66.93,4.917,3597.9,91
8,110,2.168,1.872,66.87,4.882,3600.2,90
8,111,2.215,1.863,67.14,4.902,3603.1,89
8,112,2.148,1.861,66.61,4.875,3603.0,88
8,113,2.202,1.935,65.94,4.91,3604.3,87
8,114,2.159,1.968,66.67,4.867,3611.5,86
8,115,2.198,1.95,66.62,4.91,3601.8,85
8,116,2.155,1.941,67.56,4.9,3602.7,84
8,117,2.292,2.015,66.85,4.876,3604.7,83
8,118,2.225,2.003,67.23,4.841,3602.4,82
8,119,2.268,2.062,66.24,4.863,3600.9,81
8,120,2.342,2.039,68.16,4.879,3600.9,80
8,121,2.338,2.047,67.79,4.834,3598.9,79
8,122,2.372,2.132,66.37,4.883,3601.3,78
8,123,2.306,1.985,66.82,4.85,3601.2,77
8,124,2.434,2.107,67.15,4.836,3601.3,76
8,125,2.448,2.122,68.27,4.826,3597.2,75
8,126,2.447,2.222,67.88,4.819,3604.0,74
8,127,2.587,2.213,68.7,4.847,3597.5,73
8,128,2.535,2.181,68.12,4.807,3597.8,72
8,129,2.538,2.25,68.63,4.81,3591.5,71
8,130,2.574,2.23,68.63,4.816,3599.6,70
8,131,2.609,2.331,68.43,4.776,3601.0,69
8,132,2.711,2.391,68.52,4.814,3595.6,68
8,133,2.743,2.365,68.87,4.735,3595.8,67
8,134,2.761,2.402,70.03,4.752,3594.2,66
8,135,2.762,2.431,69.84,4.796,3593.1,65
8,136,2.812,2.442,70.15,4.781,3594.9,64
8,137,2.829,2.473,69.77,4.76,3586.5,63
8,138,2.917,2.627,69.76,4.77,3596.8,62
8,139,2.933,2.589,70.0,4.712,3589.7,61
8,140,3.084,2.601,70.8,4.713,3592.8,60
8,141,3.095,2.657,70.75,4.671,3594.0,59
8,142,3.023,2.714,71.1,4.714,3586.4,58
8,143,3.126,2.738,70.98,4.651,3590.9,57
8,144,3.238,2.797,71.36,4.686,3588.1,56
8,145,3.201,2.858,70.85,4.659,3591.4,55
8,146,3.39,2.897,71.83,4.631,3589.8,54
8,147,3.387,2.994,71.51,4.644,3592.3,53
8,148,3.442,2.948,73.3,4.616,3587.0,52
8,149,3.518,3.052,72.17,4.622,3585.6,51
8,150,3.519,3.177,72.4,4.626,3584.4,50
8,151,3.61,3.123,71.99,4.598,3583.3,49
8,152,3.733,3.145,72.73,4.571,3589.9,48
8,153,3.714,3.268,73.77,4.574,3577.7,47
8,154,3.759,3.333,72.92,4.572,3582.9,46
8,155,3.894,3.372,73.36,4.531,3584.4,45
8,156,3.92,3.299,74.43,4.517,3582.5,44
8,157,4.069,3.466,74.88,4.527,3586.1,43
8,158,4.039,3.522,75.01,4.506,3583.4,42
8,159,4.135,3.664,76.02,4.502,3580.1,41
8,160,4.271,3.593,74.61,4.507,3578.0,40
8,161,4.287,3.702,74.37,4.463,3572.9,39
8,162,4.407,3.802,76.16,4.46,3569.0,38
8,163,4.469,3.85,76.81,4.48,3567.2,37
8,164,4.506,3.859,76.59,4.422,3572.0,36
8,165,4.64,3.909,76.3,4.386,3570.5,35
8,166,4.628,4.017,77.07,4.375,3574.4,34
8,167,4.755,4.128,77.39,4.374,3567.6,33
8,168,4.838,4.181,77.62,4.369,3565.5,32
8,169,4.95,4.198,78.59,4.344,3573.7,31
8,170,4.957,4.232,78.2,4.298,3561.0,30
8,171,5.113,4.361,78.62,4.301,3563.0,29
8,172,5.24,4.403,78.56,4.307,3563.4,28
8,173,5.342,4.484,80.01,4.296,3561.0,27
8,174,5.319,4.608,80.24,4.228,3557.4,26
8,175,5.337,4.677,80.19,4.235,3554.0,25
8,176,5.485,4.709,80.36,4.223,3561.9,24
8,177,5.712,4.804,81.64,4.186,3551.6,23
8,178,5.7,4.819,81.48,4.168,3549.2,22
8,179,5.878,4.94,81.04,4.183,3552.9,21
8,180,5.947,5.011,81.99,4.153,3556.9,20
8,181,6.031,5.117,82.93,4.141,3554.0,19
8,182,6.092,5.145,83.37,4.108,3550.3,18
8,183,6.248,5.228,84.31,4.087,3551.9,17
8,184,6.281,5.302,83.83,4.074,3552.0,16
8,185,6.391,5.365,83.55,4.088,3543.6,15
8,186,6.558,5.501,84.66,4.039,3543.3,14
8,187,6.669,5.628,85.41,4.0,3547.8,13
8,188,6.773,5.707,86.49,3.972,3546.8,12
8,189,6.836,5.758,86.17,3.963,3538.9,11
8,190,6.938,5.896,86.47,3.94,3540.6,10
8,191,7.017,5.987,86.64,3.973,3533.8,9
8,192,7.119,6.052,88.44,3.872,3539.7,8
8,193,7.263,6.178,88.5,3.9,3534.7,7
8,194,7.373,6.184,88.4,3.837,3534.3,6
8,195,7.411,6.369,87.98,3.834,3528.6,5
8,196,7.559,6.495,89.6,3.831,3538.2,4
8,197,7.678,6.605,89.05,3.799,3528.5,3
8,198,7.789,6.667,90.74,3.779,3529.8,2
8,199,7.949,6.762,90.92,3.748,3528.1,1
8,200,8.097,6.775,91.2,3.686,3526.8,0
9,1,1.823,1.985,63.63,5.014,3600.6,199
9,2,1.884,1.985,65.52,5.038,3598.4,198
9,3,1.831,1.975,64.76,5.059,3602.3,197
9,4,1.899,1.954,64.6,5.059,3598.4,196
9,5,1.857,1.945,65.29,5.012,3598.7,195
9,6,1.899,2.035,65.43,5.006,3597.0,194
9,7,1.93,1.935,65.05,5.062,3598.7,193
9,8,1.943,1.941,64.59,5.058,3591.4,192
9,9,1.836,1.968,65.6,5.046,3598.0,191
9,10,1.828,2.019,67.09,5.048,3596.6,190
9,11,1.792,1.945,64.97,5.023,3596.1,189
9,12,1.915,2.02,65.0,5.01,3601.5,188
9,13,1.842,1.901,65.44,5.054,3586.5,187
9,14,1.811,1.966,65.45,5.023,3592.9,186
9,15,1.873,1.951,65.35,5.011,3590.8,185
9,16,1.874,1.98,65.54,5.023,3593.0,184
9,17,1.899,1.909,65.71,5.06,3599.6,183
9,18,1.817,1.937,64.98,5.008,3592.3,182
9,19,1.87,1.996,64.56,5.047,3598.0,181
9,20,1.904,1.993,65.61,5.043,3600.1,180
9,21,1.793,1.965,65.06,5.029,3598.0,179
9,22,1.869,1.986,64.99,5.019,3600.6,178
9,23,1.858,1.929,64.98,4.999,3596.3,177
9,24,1.836,1.947,65.87,5.011,3599.0,176
9,25,1.932,2.013,65.06,5.011,3590.7,175
9,26,1.828,1.943,64.72,5.027,3595.8,174
9,27,1.863,1.921,64.74,5.03,3595.4,173
9,28,1.918,1.979,64.27,5.042,3598.4,172
9,29,1.839,1.922,65.96,5.012,3598.8,171
9,30,1.852,1.994,65.93,5.045,3594.0,170
9,31,1.888,1.945,65.16,5.008,3592.1,169
9,32,1.846,1.985,64.23,5.044,3592.9,168
9,33,1.895,1.956,64.52,5.035,3592.5,167
9,34,1.895,1.97,65.0,5.046,3592.2,166
9,35,1.793,1.986,64.53,5.012,3599.5,165
9,36,1.865,1.92,64.77,5.016,3603.3,164
9,37,1.88,1.953,65.37,5.007,3593.5,163
9,38,1.848,1.988,65.03,5.039,3596.5,162
9,39,1.838,1.958,64.87,5.038,3597.8,161
9,40,1.852,1.923,64.58,5.042,3602.1,160
9,41,1.85,1.954,65.19,5.011,3601.4,159
9,42,1.852,1.943,65.0,5.023,3601.4,158
9,43,1.836,1.976,65.37,5.019,3597.0,157
9,44,1.855,1.908,65.21,5.033,3596.7,156
9,45,1.846,1.981,65.75,5.01,3594.8,155
9,46,1.871,1.989,65.31,5.089,3598.6,154
9,47,1.889,1.958,64.58,5.027,3599.0,153
9,48,1.86,1.986,64.97,5.026,3595.5,152
9,49,1.873,2.004,64.58,5.049,3593.6,151
9,50,1.863,1.962,65.86,5.025,3596.9,150
9,51,1.868,1.935,65.04,5.028,3594.1,149
9,52,1.827,2.015,64.78,5.045,3597.4,148
9,53,1.788,1.991,64.37,5.046,3594.2,147
9,54,1.844,1.918,65.14,5.052,3593.0,146
9,55,1.82,1.988,65.32,4.985,3604.2,145
9,56,1.865,1.998,65.01,4.997,3598.9,144
9,57,1.821,1.992,64.97,5.038,3593.1,143
9,58,1.879,1.923,66.2,5.078,3602.7,142
9,59,1.895,1.967,65.66,5.032,3590.0,141
9,60,1.904,2.015,65.06,5.009,3593.8,140
9,61,1.771,2.008,64.28,5.039,3592.8,139
9,62,1.787,1.98,64.91,5.05,3591.1,138
9,63,1.814,1.875,63.99,5.07,3604.5,137
9,64,1.848,1.937,64.93,5.051,3594.1,136
9,65,1.854,1.97,64.8,5.023,3597.4,135
9,66,1.805,1.988,64.84,5.036,3601.7,134
9,67,1.837,2.007,64.18,5.024,3596.3,133
9,68,1.921,1.892,65.03,5.063,3593.0,132
9,69,1.836,1.983,65.17,5.065,3598.0,131
9,70,1.897,1.956,64.71,5.029,3591.5,130
9,71,1.863,1.955,64.74,5.044,3591.6,129
9,72,1.875,1.951,65.66,5.026,3598.7,128
9,73,1.851,2.0,65.14,5.0,3600.2,127
9,74,1.841,2.002,65.43,5.018,3592.5,126
9,75,1.87,1.958,65.55,5.03,3600.3,125
9,76,1.861,1.982,64.89,5.038,3601.0,124
9,77,1.842,1.991,65.1,5.036,3603.1,123
9,78,1.892,1.973,65.19,5.02,3595.5,122
9,79,1.856,2.004,65.45,5.011,3600.1,121
9,80,1.841,1.931,65.75,5.063,3597.2,120
9,81,1.872,2.001,65.78,5.048,3590.9,119
9,82,1.924,2.013,64.83,5.013,3598.2,118
9,83,1.833,1.983,65.45,5.022,3591.7,117
9,84,1.86,1.949,65.15,5.007,3595.2,116
9,85,1.873,1.994,64.69,5.01,3596.2,115
9,86,1.867,1.986,64.82,5.04,3602.2,114
9,87,1.852,1.905,65.18,5.075,3591.0,113
9,88,1.845,1.961,65.13,5.038,3600.7,112
9,89,1.847,2.021,65.02,5.027,3593.5,111
9,90,1.771,1.981,66.11,5.043,3598.9,110
9,91,1.828,1.96,65.57,5.074,3602.1,109
9,92,1.876,1.972,65.19,5.019,3590.4,108
9,93,1.799,1.972,64.93,5.004,3596.0,107
9,94,1.831,1.923,64.9,5.027,3593.7,106
9,95,1.881,1.894,64.09,5.034,3596.6,105
9,96,1.86,1.949,64.62,5.034,3594.4,104
9,97,1.906,1.957,65.05,5.083,3595.4,103
9,98,1.866,1.996,65.45,5.039,3597.0,102
9,99,1.848,1.947,65.24,5.074,3601.0,101
9,100,1.856,2.004,64.65,5.028,3600.0,100
9,101,1.904,1.94,64.84,5.077,3596.6,99
9,102,1.919,1.98,65.21,5.027,3599.9,98
9,103,1.904,1.933,64.93,5.051,3595.6,97
9,104,1.834,2.019,65.67,5.023,3596.9,96
9,105,1.811,1.947,65.2,5.031,3592.1,95
9,106,1.837,1.946,65.4,4.99,3591.9,94
9,107,1.799,2.011,64.3,5.028,3602.4,93
9,108,1.949,1.93,65.39,5.006,3590.9,92
9,109,1.888,2.06,65.58,5.01,3598.4,91
9,110,1.814,1.99,64.92,5.023,3594.6,90
9,111,1.911,2.024,65.39,5.03,3595.8,89
9,112,1.919,2.058,65.85,5.005,3594.8,88
9,113,1.992,2.011,66.41,4.987,3593.5,87
9,114,1.924,2.156,65.32,5.0,3593.1,86
9,115,1.983,2.07,65.58,4.936,3594.6,85
9,116,1.998,2.14,66.37,4.999,3597.4,84
9,117,1.973,2.145,65.52,4.975,3593.1,83
9,118,2.095,2.139,66.64,4.98,3597.8,82
9,119,2.035,2.16,66.09,5.004,3594.3,81
9,120,2.055,2.205,66.95,4.974,3585.6,80
9,121,2.129,2.177,66.12,4.992,3590.8,79
9,122,2.124,2.208,67.03,4.976,3587.4,78
9,123,2.114,2.24,65.84,4.939,3594.5,77
9,124,2.217,2.243,66.67,4.968,3594.0,76
9,125,2.243,2.178,66.52,4.969,3589.5,75
9,126,2.251,2.338,66.81,4.983,3595.3,74
9,127,2.277,2.327,65.48,4.94,3584.9,73
9,128,2.323,2.368,67.39,4.968,3589.8,72
9,129,2.44,2.4,66.53,4.922,3588.0,71
9,130,2.408,2.382,67.18,4.922,3587.2,70
9,131,2.453,2.476,68.07,4.912,3593.3,69
9,132,2.404,2.427,67.03,4.911,3592.8,68
9,133,2.473,2.496,67.69,4.914,3585.6,67
9,134,2.516,2.494,67.68,4.919,3587.3,66
9,135,2.549,2.632,67.85,4.915,3592.0,65
9,136,2.624,2.558,69.46,4.886,3584.5,64
9,137,2.704,2.683,69.16,4.856,3586.5,63
9,138,2.663,2.719,68.68,4.866,3584.0,62
9,139,2.747,2.696,69.28,4.881,3581.8,61
9,140,2.826,2.787,69.08,4.811,3578.2,60
9,141,2.821,2.725,69.99,4.839,3582.6,59
9,142,2.815,2.779,69.49,4.861,3579.3,58
9,143,2.988,2.875,69.73,4.836,3580.0,57
9,144,2.978,2.995,69.94,4.823,3578.0,56
9,145,3.115,2.994,70.36,4.793,3578.0,55
9,146,3.114,3.01,70.85,4.776,3573.3,54
9,147,3.102,3.006,70.91,4.746,3579.7,53
9,148,3.232,3.12,71.06,4.76,3566.9,52
9,149,3.272,3.188,71.9,4.779,3571.5,51
9,150,3.33,3.158,72.09,4.754,3577.6,50
9,151,3.411,3.326,72.19,4.745,3577.2,49
9,152,3.453,3.353,72.25,4.705,3573.1,48
9,153,3.575,3.441,71.73,4.691,3575.1,47
9,154,3.613,3.407,73.31,4.692,3575.0,46
9,155,3.729,3.465,72.6,4.646,3571.3,45
9,156,3.666,3.568,73.13,4.652,3570.7,44
9,157,3.824,3.549,73.3,4.658,3563.1,43
9,158,3.89,3.585,73.43,4.607,3575.0,42
9,159,3.886,3.645,73.85,4.608,3562.3,41
9,160,4.025,3.69,73.56,4.59,3570.6,40
9,161,4.129,3.875,74.31,4.539,3568.0,39
9,162,4.209,3.942,74.92,4.549,3563.3,38
9,163,4.303,3.898,74.43,4.576,3562.7,37
9,164,4.254,4.079,75.55,4.535,3558.8,36
9,165,4.461,4.082,76.34,4.545,3560.3,35
9,166,4.437,4.206,76.7,4.473,3563.5,34
9,167,4.533,4.173,76.43,4.468,3558.4,33
9,168,4.587,4.262,76.6,4.458,3565.5,32
9,169,4.72,4.422,76.9,4.451,3565.1,31
9,170,4.761,4.413,77.69,4.421,3559.8,30
9,171,4.892,4.541,78.13,4.455,3555.4,29
9,172,4.92,4.647,77.28,4.383,3557.0,28
9,173,5.106,4.642,78.9,4.354,3551.6,27
9,174,5.055,4.739,78.0,4.351,3554.4,26
9,175,5.262,4.776,79.43,4.369,3550.3,25
9,176,5.266,4.881,79.83,4.358,3551.2,24
9,177,5.355,4.962,79.9,4.313,3547.6,23
9,178,5.467,5.048,79.58,4.284,3546.2,22
9,179,5.653,5.133,79.86,4.312,3551.7,21
9,180,5.637,5.069,81.04,4.288,3551.4,20
9,181,5.746,5.321,80.37,4.239,3542.0,19
9,182,5.925,5.384,82.37,4.2,3545.8,18
9,183,5.998,5.348,81.27,4.228,3540.4,17
9,184,6.026,5.49,82.9,4.185,3533.5,16
9,185,6.255,5.623,82.98,4.161,3539.8,15
9,186,6.237,5.681,82.9,4.145,3532.3,14
9,187,6.341,5.82,84.03,4.13,3527.6,13
9,188,6.467,5.861,84.54,4.061,3535.1,12
9,189,6.611,5.982,84.56,4.038,3528.8,11
9,190,6.66,6.05,83.97,4.053,3537.1,10
9,191,6.813,6.147,84.96,4.008,3535.7,9
9,192,6.927,6.206,85.68,4.02,3523.9,8
9,193,7.081,6.404,86.94,3.983,3516.9,7
9,194,7.078,6.45,86.66,3.966,3528.1,6
9,195,7.318,6.475,87.44,3.952,3521.5,5
9,196,7.351,6.595,88.21,3.97,3524.2,4
9,197,7.536,6.632,88.87,3.89,3522.5,3
9,198,7.634,6.774,90.29,3.91,3524.1,2
9,199,7.755,6.941,88.86,3.885,3513.8,1
9,200,7.822,6.993,90.7,3.811,3514.1,0
10,1,2.131,1.705,64.56,5.078,3590.3,199
10,2,2.178,1.738,65.71,5.082,3587.9,198
10,3,2.186,1.792,65.36,5.106,3592.6,197
10,4,2.133,1.794,65.17,5.127,3581.7,196
10,5,2.124,1.79,63.39,5.107,3592.6,195
10,6,2.137,1.74,64.18,5.087,3586.4,194
10,7,2.133,1.727,64.58,5.091,3595.9,193
10,8,2.144,1.771,64.43,5.085,3581.6,192
10,9,2.097,1.709,64.81,5.118,3581.2,191
10,10,2.138,1.702,64.59,5.118,3586.6,190
10,11,2.158,1.815,64.95,5.082,3589.0,189
10,12,2.127,1.774,64.98,5.07,3589.1,188
10,13,2.155,1.779,65.14,5.107,3587.2,187
10,14,2.197,1.722,64.06,5.033,3588.1,186
10,15,2.127,1.773,63.73,5.084,3590.3,185
10,16,2.119,1.773,64.44,5.096,3590.8,184
10,17,2.198,1.76,64.31,5.088,3590.9,183
10,18,2.119,1.75,64.53,5.095,3584.4,182
10,19,2.086,1.778,65.2,5.061,3589.9,181
10,20,2.203,1.781,64.51,5.078,3588.7,180
10,21,2.17,1.761,64.63,5.075,3590.1,179
10,22,2.179,1.765,64.78,5.131,3585.9,178
10,23,2.211,1.727,65.27,5.122,3587.2,177
10,24,2.226,1.776,64.28,5.089,3592.9,176
10,25,2.197,1.714,64.65,5.101,3586.4,175
10,26,2.254,1.766,64.69,5.121,3586.9,174
10,27,2.2,1.69,64.49,5.118,3594.7,173
10,28,2.129,1.721,65.0,5.085,3587.3,172
10,29,2.195,1.735,63.74,5.071,3588.4,171
10,30,2.085,1.745,64.02,5.13,3597.1,170
10,31,2.118,1.767,64.24,5.091,3595.6,169
10,32,2.141,1.745,64.25,5.12,3575.3,168
10,33,2.142,1.755,64.39,5.114,3593.2,167
10,34,2.104,1.841,64.01,5.123,3589.0,166
10,35,2.14,1.74,64.7,5.101,3584.7,165
10,36,2.151,1.726,64.11,5.081,3583.8,164
10,37,2.143,1.774,64.78,5.136,3579.5,163
10,38,2.179,1.757,65.13,5.111,3587.7,162
10,39,2.167,1.727,65.03,5.059,3591.5,161
10,40,2.159,1.737,64.6,5.094,3593.6,160
10,41,2.289,1.806,64.44,5.11,3591.1,159
10,42,2.123,1.706,64.69,5.113,3581.9,158
10,43,2.131,1.78,64.74,5.125,3582.7,157
10,44,2.254,1.695,63.7,5.096,3583.9,156
10,45,2.158,1.754,64.62,5.08,3590.1,155
10,46,2.147,1.801,64.63,5.078,3581.6,154
10,47,2.153,1.706,64.04,5.108,3581.3,153
10,48,2.216,1.763,64.7,5.076,3591.4,152
10,49,2.16,1.729,64.82,5.063,3581.9,151
10,50,2.115,1.771,64.72,5.118,3584.7,150
10,51,2.183,1.752,64.25,5.105,3588.1,149
10,52,2.135,1.758,64.65,5.094,3586.7,148
10,53,2.108,1.76,64.32,5.077,3587.4,147
10,54,2.189,1.764,64.45,5.086,3590.9,146
10,55,2.064,1.789,63.78,5.069,3586.3,145
10,56,2.247,1.824,65.07,5.104,3580.9,144
10,57,2.166,1.735,64.31,5.1,3586.5,143
10,58,2.195,1.679,64.76,5.079,3586.8,142
10,59,2.172,1.712,64.8,5.093,3585.7,141
10,60,2.141,1.751,64.34,5.097,3587.3,140
10,61,2.136,1.82,64.93,5.089,3589.0,139
10,62,2.119,1.739,64.56,5.072,3589.9,138
10,63,2.14,1.743,64.44,5.156,3585.7,137
10,64,2.077,1.693,65.1,5.124,3585.7,136
10,65,2.211,1.786,64.62,5.092,3589.1,135
10,66,2.195,1.773,64.38,5.093,3596.3,134
10,67,2.17,1.792,64.99,5.102,3588.8,133
10,68,2.196,1.786,64.85,5.083,3589.9,132
10,69,2.157,1.744,66.06,5.066,3592.2,131
10,70,2.125,1.762,66.0,5.078,3585.5,130
10,71,2.159,1.723,65.16,5.086,3591.0,129
10,72,2.107,1.685,64.61,5.066,3594.5,128
10,73,2.099,1.715,64.93,5.085,3582.3,127
10,74,2.242,1.717,64.62,5.093,3591.2,126
10,75,2.178,1.724,64.56,5.092,3591.4,125
10,76,2.113,1.838,64.34,5.097,3583.8,124
10,77,2.108,1.722,64.23,5.089,3584.5,123
10,78,2.188,1.725,64.27,5.089,3592.4,122
10,79,2.169,1.753,64.0,5.074,3583.3,121
10,80,2.212,1.778,64.29,5.086,3585.1,120
10,81,2.125,1.775,64.58,5.139,3593.4,119
10,82,2.212,1.784,64.51,5.109,3587.0,118
10,83,2.225,1.773,64.85,5.1,3595.4,117
10,84,2.103,1.83,64.63,5.069,3585.4,116
10,85,2.094,1.783,64.2,5.1,3592.9,115
10,86,2.133,1.746,64.07,5.089,3598.7,114
10,87,2.191,1.746,64.41,5.096,3588.9,113
10,88,2.143,1.778,64.24,5.078,3589.9,112
10,89,2.113,1.786,64.71,5.06,3588.8,111
10,90,2.093,1.785,64.6,5.134,3592.7,110
10,91,2.118,1.676,64.34,5.073,3595.7,109
10,92,2.16,1.794,64.58,5.093,3588.3,108
10,93,2.204,1.769,64.19,5.129,3587.2,107
10,94,2.142,1.644,65.04,5.099,3588.8,106
10,95,2.144,1.734,64.53,5.106,3590.9,105
10,96,2.151,1.795,64.68,5.087,3589.2,104
10,97,2.106,1.766,63.95,5.076,3580.3,103
10,98,2.153,1.821,64.66,5.11,3597.8,102
10,99,2.176,1.726,64.41,5.097,3585.9,101
10,100,2.138,1.796,65.23,5.064,3585.1,100
10,101,2.142,1.781,65.29,5.151,3586.5,99
10,102,2.146,1.782,64.39,5.094,3586.7,98
10,103,2.061,1.766,64.65,5.121,3588.3,97
10,104,2.119,1.754,63.71,5.071,3590.8,96
10,105,2.165,1.806,63.8,5.089,3586.3,95
10,106,2.22,1.802,65.13,5.123,3586.6,94
10,107,2.243,1.74,64.3,5.106,3582.0,93
10,108,2.221,1.793,65.42,5.088,3588.1,92
10,109,2.229,1.771,64.57,5.097,3587.6,91
10,110,2.204,1.803,65.77,5.076,3585.7,90
10,111,2.164,1.816,65.35,5.099,3587.9,89
10,112,2.285,1.858,65.64,5.099,3593.5,88
10,113,2.255,1.788,65.47,5.092,3593.3,87
10,114,2.329,1.933,65.52,5.078,3581.3,86
10,115,2.307,1.847,65.39,5.071,3588.5,85
10,116,2.31,1.922,64.0,5.07,3591.2,84
10,117,2.408,1.931,66.28,5.066,3586.1,83
10,118,2.376,1.919,65.14,5.048,3581.4,82
10,119,2.398,1.938,65.44,5.042,3587.5,81
10,120,2.431,1.912,65.08,5.068,3579.7,80
10,121,2.447,2.042,66.63,5.059,3587.7,79
10,122,2.54,1.905,65.7,5.056,3583.2,78
10,123,2.527,2.02,66.11,5.028,3582.1,77
10,124,2.484,2.056,65.77,5.047,3586.4,76
10,125,2.579,2.024,65.43,5.022,3595.0,75
10,126,2.616,2.073,66.62,5.03,3577.5,74
10,127,2.652,2.115,66.5,5.01,3587.1,73
10,128,2.6,2.081,66.84,4.962,3580.9,72
10,129,2.712,2.2,67.34,5.008,3591.3,71
10,130,2.676,2.223,66.75,5.008,3580.9,70
10,131,2.805,2.216,67.83,4.994,3580.6,69
10,132,2.796,2.279,67.46,4.97,3577.4,68
10,133,2.8,2.234,67.86,4.942,3578.8,67
10,134,2.88,2.368,66.72,4.956,3581.0,66
10,135,2.897,2.423,67.37,4.909,3581.8,65
10,136,2.916,2.334,67.88,4.966,3573.0,64
10,137,3.075,2.408,68.19,4.908,3577.6,63
10,138,3.021,2.419,69.74,4.914,3574.9,62
10,139,3.111,2.59,69.09,4.89,3577.1,61
10,140,3.045,2.593,67.9,4.889,3575.6,60
10,141,3.186,2.587,69.68,4.91,3577.5,59
10,142,3.169,2.707,68.73,4.92,3582.4,58
10,143,3.29,2.723,67.8,4.871,3578.0,57
10,144,3.359,2.676,69.41,4.814,3574.6,56
10,145,3.3,2.814,70.37,4.844,3574.3,55
10,146,3.421,2.824,69.44,4.855,3564.9,54
10,147,3.412,2.856,70.14,4.837,3568.1,53
10,148,3.618,2.915,70.6,4.824,3574.0,52
10,149,3.624,2.975,71.09,4.772,3562.0,51
10,150,3.657,2.999,71.26,4.797,3570.7,50
10,151,3.671,3.057,70.55,4.793,3560.1,49
10,152,3.796,3.05,71.29,4.79,3567.7,48
10,153,3.78,3.134,70.99,4.726,3566.4,47
10,154,3.932,3.232,72.31,4.747,3564.0,46
10,155,3.932,3.252,71.62,4.717,3564.5,45
10,156,4.037,3.447,71.89,4.718,3557.6,44
10,157,4.094,3.367,73.26,4.698,3561.6,43
10,158,4.161,3.383,72.8,4.686,3561.8,42
10,159,4.271,3.488,73.3,4.645,3562.7,41
10,160,4.292,3.587,74.38,4.661,3555.5,40
10,161,4.392,3.631,73.86,4.639,3560.9,39
10,162,4.486,3.665,73.5,4.645,3554.6,38
10,163,4.55,3.747,73.7,4.622,3558.7,37
10,164,4.643,3.809,73.97,4.631,3557.3,36
10,165,4.647,3.838,75.4,4.604,3552.6,35
10,166,4.807,3.863,75.09,4.533,3550.0,34
10,167,4.914,4.084,76.06,4.546,3551.6,33
10,168,4.953,4.006,75.99,4.571,3547.2,32
10,169,4.987,4.138,76.76,4.513,3550.6,31
10,170,5.124,4.285,76.91,4.508,3555.3,30
10,171,5.163,4.224,77.45,4.514,3549.5,29
10,172,5.267,4.291,77.65,4.5,3542.0,28
10,173,5.348,4.406,77.69,4.462,3547.5,27
10,174,5.463,4.456,77.59,4.445,3542.6,26
10,175,5.609,4.645,79.78,4.403,3545.7,25
10,176,5.66,4.675,78.98,4.429,3542.2,24
10,177,5.723,4.66,79.86,4.38,3542.8,23
10,178,5.82,4.806,79.91,4.383,3538.9,22
10,179,5.846,4.9,79.92,4.322,3534.4,21
10,180,6.011,4.953,79.65,4.321,3541.9,20
10,181,6.079,5.031,81.64,4.326,3540.0,19
10,182,6.084,5.188,81.85,4.339,3531.5,18
10,183,6.223,5.202,81.8,4.283,3537.6,17
10,184,6.39,5.275,82.62,4.245,3530.6,16
10,185,6.536,5.42,83.32,4.227,3522.0,15
10,186,6.592,5.424,83.14,4.196,3529.1,14
10,187,6.66,5.49,84.25,4.169,3527.8,13
10,188,6.845,5.665,84.48,4.174,3529.3,12
10,189,6.968,5.734,83.6,4.136,3527.8,11
10,190,6.995,5.872,84.94,4.127,3528.1,10
10,191,7.121,5.904,85.87,4.074,3521.0,9
10,192,7.272,5.991,86.61,4.05,3513.9,8
10,193,7.38,6.116,86.25,4.067,3522.2,7
10,194,7.429,6.147,86.9,4.055,3513.0,6
10,195,7.567,6.26,87.49,4.014,3514.0,5
10,196,7.74,6.343,87.61,3.959,3511.8,4
10,197,7.826,6.474,88.54,3.979,3521.5,3
10,198,7.892,6.494,88.2,3.93,3507.7,2
10,199,8.044,6.707,89.99,3.931,3518.5,1
10,200,8.146,6.691,90.25,3.86,3505.4,0
